animalname,animalgender,animalbirth,breedname,zipcode,licenseissueddate,licenseexpireddate,extract_year
PAIGE,F,2014,American Pit Bull Mix / Pit Bull Mix,10035,2014-09-12T00:00:00.000,2017-09-12T00:00:00.000,2016
YOGI,M,2010,Boxer,10465,2014-09-12T00:00:00.000,2017-10-02T00:00:00.000,2016
ALI,M,2014,Basenji,10013,2014-09-12T00:00:00.000,2019-09-12T00:00:00.000,2016
QUEEN,F,2013,Akita Crossbreed,10013,2014-09-12T00:00:00.000,2017-09-12T00:00:00.000,2016
LOLA,F,2009,Maltese,10028,2014-09-12T00:00:00.000,2017-10-09T00:00:00.000,2016
IAN,M,2006,Unknown,10013,2014-09-12T00:00:00.000,2019-10-30T00:00:00.000,2016
BUDDY,M,2008,Unknown,10025,2014-09-12T00:00:00.000,2017-10-20T00:00:00.000,2016
CHEWBACCA,F,2012,Labrador Retriever Crossbreed,10013,2014-09-12T00:00:00.000,2019-10-01T00:00:00.000,2016
HEIDI-BO,F,2007,Dachshund Smooth Coat,11215,2014-09-13T00:00:00.000,2017-04-16T00:00:00.000,2016
MASSIMO,M,2009,"Bull Dog, French",11201,2014-09-13T00:00:00.000,2017-09-17T00:00:00.000,2016
LOLA,F,2006,Miniature Pinscher,10022,2014-09-13T00:00:00.000,2019-10-03T00:00:00.000,2016
LEMMY,F,2005,Yorkshire Terrier,10003,2014-09-13T00:00:00.000,2017-10-26T00:00:00.000,2016
LUCY,F,2014,Dachshund Smooth Coat Miniature,11215,2014-09-13T00:00:00.000,2019-09-13T00:00:00.000,2016
RICKY,M,2014,German Shepherd Dog,11220,2014-09-13T00:00:00.000,2017-09-13T00:00:00.000,2016
SARAH,F,2012,Unknown,10040,2014-09-13T00:00:00.000,2017-09-13T00:00:00.000,2016
MURPHY,M,2012,American Pit Bull Mix / Pit Bull Mix,10463,2014-09-13T00:00:00.000,2017-09-28T00:00:00.000,2016
JUNE,F,2010,Cavalier King Charles Spaniel,11238,2014-09-13T00:00:00.000,2019-10-28T00:00:00.000,2016
ELIZABETH,F,2013,Cavalier King Charles Spaniel,10022,2014-09-13T00:00:00.000,2019-09-13T00:00:00.000,2016
AVERY,F,2014,American Pit Bull Terrier/Pit Bull,10002,2014-09-13T00:00:00.000,2019-09-13T00:00:00.000,2016
SOPHIE,F,2011,Boxer,10308,2014-09-13T00:00:00.000,2019-10-23T00:00:00.000,2016
OTIS,F,2001,Unknown,10011,2014-09-13T00:00:00.000,2017-09-29T00:00:00.000,2016
BENSON,M,2010,Boxer,11209,2014-09-13T00:00:00.000,2019-10-29T00:00:00.000,2016
BIGS,M,2004,American Pit Bull Terrier/Pit Bull,11208,2014-09-13T00:00:00.000,2019-10-27T00:00:00.000,2016
LOGAN,M,2003,Unknown,10011,2014-09-13T00:00:00.000,2017-10-30T00:00:00.000,2016
BESS,F,2010,Beagle,11218,2014-09-13T00:00:00.000,2016-09-13T00:00:00.000,2016
APPLE,M,2013,Havanese,10025,2014-09-13T00:00:00.000,2019-10-16T00:00:00.000,2016
MUNECA,F,2013,Beagle,11232,2014-09-13T00:00:00.000,2019-09-13T00:00:00.000,2016
DOTTIE,F,2013,"Poodle, Standard",10025,2014-09-13T00:00:00.000,2017-09-13T00:00:00.000,2016
OSCAR,M,2008,German Shorthaired Pointer,10025,2014-09-13T00:00:00.000,2019-09-13T00:00:00.000,2016
BUDDY,M,2012,Bull Terrier,10312,2014-09-13T00:00:00.000,2019-10-05T00:00:00.000,2016
JOEY,F,2010,Labrador Retriever Crossbreed,10023,2014-09-14T00:00:00.000,2017-07-30T00:00:00.000,2016
MAX,M,2005,"Dachshund, Long Haired",10023,2014-09-14T00:00:00.000,2019-09-14T00:00:00.000,2016
JASMINE,F,2008,Unknown,11209,2014-09-14T00:00:00.000,2017-10-28T00:00:00.000,2016
SAMMY,M,2007,Beagle,11231,2014-09-14T00:00:00.000,2017-10-15T00:00:00.000,2016
NINA,F,2010,"Schnauzer, Miniature",10461,2014-09-14T00:00:00.000,2017-10-27T00:00:00.000,2016
ROSIE,F,2010,Unknown,10028,2014-09-14T00:00:00.000,2017-10-01T00:00:00.000,2016
SHERRIE,M,2008,Yorkshire Terrier,11224,2014-09-14T00:00:00.000,2017-10-06T00:00:00.000,2016
ELAINE,F,2005,Labrador Retriever,10471,2014-09-14T00:00:00.000,2019-09-14T00:00:00.000,2016
DEDE,M,2013,Boston Terrier,11236,2014-09-14T00:00:00.000,2019-09-14T00:00:00.000,2016
LILAH,F,2008,Norfolk Terrier,11209,2014-09-14T00:00:00.000,2017-09-14T00:00:00.000,2016
COOBY,M,2013,Bichon Frise,10002,2014-09-14T00:00:00.000,2017-09-14T00:00:00.000,2016
RANGER,M,2007,German Shorthaired Pointer,11229,2014-09-14T00:00:00.000,2017-09-14T00:00:00.000,2016
SANDEE,F,2009,"Schnauzer, Miniature",11361,2014-09-14T00:00:00.000,2017-10-04T00:00:00.000,2016
TIBERIUS,M,2006,Golden Retriever,10021,2014-09-14T00:00:00.000,2017-10-10T00:00:00.000,2016
COCO,F,2009,Bichon Frise,10309,2014-09-15T00:00:00.000,2017-10-22T00:00:00.000,2016
LOUIE,M,2008,Unknown,10024,2014-09-15T00:00:00.000,2017-09-03T00:00:00.000,2016
PIRULO,M,2008,Unknown,10038,2014-09-15T00:00:00.000,2017-02-23T00:00:00.000,2016
PEPI,M,2004,Unknown,10467,2014-09-15T00:00:00.000,2019-10-31T00:00:00.000,2016
DEXTER,M,2010,Cavalier King Charles Spaniel,11201,2014-09-15T00:00:00.000,2017-10-24T00:00:00.000,2016
LUNA,F,2009,"Schnauzer, Miniature",11215,2014-09-15T00:00:00.000,2017-10-20T00:00:00.000,2016
MIA,F,2013,Rottweiler,33185,2014-09-15T00:00:00.000,2017-09-15T00:00:00.000,2016
DUKE,M,2012,Boxer,10012,2014-09-15T00:00:00.000,2017-09-16T00:00:00.000,2016
PAOLA,F,2013,Unknown,10038,2014-09-15T00:00:00.000,2017-10-05T00:00:00.000,2016
ROCCO,M,2010,Chihuahua,10012,2014-09-15T00:00:00.000,2019-10-04T00:00:00.000,2016
JUNO,F,2010,Maltese,10473,2014-09-15T00:00:00.000,2017-09-14T00:00:00.000,2016
TRUMAN,M,2007,"Bull Dog, French",11104,2014-09-15T00:00:00.000,2017-10-30T00:00:00.000,2016
BLUE,M,2008,"Collie, Border",10034,2014-09-15T00:00:00.000,2019-09-24T00:00:00.000,2016
JOSH,F,2010,Chihuahua,11379,2014-09-15T00:00:00.000,2017-10-09T00:00:00.000,2016
BUCKLEY,F,2006,Labrador Retriever Crossbreed,10022,2014-09-15T00:00:00.000,2017-10-28T00:00:00.000,2016
CHLOE,F,2005,American Pit Bull Mix / Pit Bull Mix,10029,2014-09-15T00:00:00.000,2017-10-14T00:00:00.000,2016
TWIGGY,F,2004,American Pit Bull Mix / Pit Bull Mix,10029,2014-09-15T00:00:00.000,2017-10-30T00:00:00.000,2016
MAX,M,2008,American Pit Bull Mix / Pit Bull Mix,10029,2014-09-15T00:00:00.000,2017-10-24T00:00:00.000,2016
NAHLA,F,2011,Labrador Retriever,10023,2014-09-15T00:00:00.000,2017-09-15T00:00:00.000,2016
CHEWY,M,2012,Chihuahua,11224,2014-09-15T00:00:00.000,2017-09-15T00:00:00.000,2016
ZOEY,F,2011,"Poodle, Miniature",11215,2014-09-15T00:00:00.000,2017-10-20T00:00:00.000,2016
ROCKY,M,2012,Yorkshire Terrier,10451,2014-09-15T00:00:00.000,2017-10-09T00:00:00.000,2016
BAXTER,M,2013,Beagle,11374,2014-09-15T00:00:00.000,2019-11-21T00:00:00.000,2016
ANGEL,M,2000,Bichon Frise,10467,2014-09-15T00:00:00.000,2017-10-31T00:00:00.000,2016
BAILEY,M,2005,Shih Tzu,10021,2014-09-15T00:00:00.000,2017-10-14T00:00:00.000,2016
SABRINA,F,2002,Unknown,11106,2014-09-16T00:00:00.000,2017-09-30T00:00:00.000,2016
DAKOTA,F,2011,Kooikerhondje,10016,2014-09-16T00:00:00.000,2017-09-16T00:00:00.000,2016
LUCY,F,2011,Unknown,10011,2014-09-16T00:00:00.000,2017-10-18T00:00:00.000,2016
CHARLIE,M,2007,Labrador Retriever,11435,2014-09-16T00:00:00.000,2019-09-03T00:00:00.000,2016
KONA,M,2008,Shih Tzu,10022,2014-09-16T00:00:00.000,2019-10-15T00:00:00.000,2016
GEORGE,M,2013,"Bull Dog, English",10011,2014-09-16T00:00:00.000,2017-09-16T00:00:00.000,2016
ZOEY,F,2010,American Eskimo dog,10016,2014-09-16T00:00:00.000,2016-09-16T00:00:00.000,2016
NALA,F,2013,Unknown,10023,2014-09-16T00:00:00.000,2017-10-31T00:00:00.000,2016
TEDDY,M,2008,Unknown,10065,2014-09-16T00:00:00.000,2017-10-29T00:00:00.000,2016
JUPLAY,M,2002,Beagle,11106,2014-09-16T00:00:00.000,2017-10-23T00:00:00.000,2016
TOSHA,F,2011,"Collie, Smooth Coat",10024,2014-09-16T00:00:00.000,2017-10-11T00:00:00.000,2016
TIGGER,M,2012,Golden Retriever,10280,2014-09-16T00:00:00.000,2019-10-31T00:00:00.000,2016
BRODY,M,2006,Cocker Spaniel,10035,2014-09-16T00:00:00.000,2016-09-16T00:00:00.000,2016
BELLA,F,2005,Beagle,10031,2014-09-16T00:00:00.000,2017-10-26T00:00:00.000,2016
A.J.,M,2005,Puggle,10308,2014-09-16T00:00:00.000,2017-07-30T00:00:00.000,2016
SANDY,F,2011,Lhasa Apso,10011,2014-09-16T00:00:00.000,2017-10-15T00:00:00.000,2016
COOPER,M,2011,French Bulldog,10309,2014-09-16T00:00:00.000,2019-09-16T00:00:00.000,2016
TY,M,2010,Siberian Husky,11236,2014-09-16T00:00:00.000,2017-09-16T00:00:00.000,2016
OLIVER,M,2008,Poodle,10025,2014-09-16T00:00:00.000,2016-09-16T00:00:00.000,2016
COSMO,M,2009,Boxer,10003,2014-09-17T00:00:00.000,2016-09-17T00:00:00.000,2016
CHARLIE,M,2008,Unknown,10128,2014-09-17T00:00:00.000,2019-09-16T00:00:00.000,2016
ZOE,F,2009,Chihuahua,10475,2014-09-17T00:00:00.000,2016-09-17T00:00:00.000,2016
KIMBERLY,F,2011,American Pit Bull Mix / Pit Bull Mix,11230,2014-09-17T00:00:00.000,2017-03-21T00:00:00.000,2016
NOVA,F,2010,"Poodle, Toy",10460,2014-09-17T00:00:00.000,2016-09-04T00:00:00.000,2016
KIRBY,M,2009,Jack Russell Terrier,11106,2014-09-17T00:00:00.000,2016-10-17T00:00:00.000,2016
ZOE,F,2014,Labrador Retriever,11101,2014-09-17T00:00:00.000,2019-09-17T00:00:00.000,2016
SPUDS,M,2010,Bulldog,10461,2014-09-17T00:00:00.000,2017-09-17T00:00:00.000,2016
BOO,F,2013,Labradoodle,11211,2014-09-17T00:00:00.000,2019-09-17T00:00:00.000,2016
SAMMY,M,2006,Shiba Inu,10011,2014-09-17T00:00:00.000,2016-10-31T00:00:00.000,2016
MAX,M,2005,Pug,10025,2014-09-17T00:00:00.000,2016-10-30T00:00:00.000,2016
WALTER,M,2010,American Pit Bull Terrier/Pit Bull,11375,2014-09-17T00:00:00.000,2019-05-17T00:00:00.000,2016
BELLA,F,2012,Yorkshire Terrier,10013,2014-09-17T00:00:00.000,2019-09-17T00:00:00.000,2016
POPPETT,F,2011,"Dachshund, Long Haired Miniature",10024,2014-09-18T00:00:00.000,2019-09-18T00:00:00.000,2016
MOLLIE,F,2012,American Pit Bull Mix / Pit Bull Mix,11228,2014-09-18T00:00:00.000,2016-07-29T00:00:00.000,2016
MARTY,M,2009,Havanese,10036,2014-09-18T00:00:00.000,2017-06-25T00:00:00.000,2016
BUTTERFLY,F,2012,"Bull Dog, French",10023,2014-09-18T00:00:00.000,2017-08-21T00:00:00.000,2016
GRAISY,F,2009,Chihuahua,10462,2014-09-18T00:00:00.000,2017-10-08T00:00:00.000,2016
SMOKEY,M,2013,American Staffordshire Terrier,10036,2014-09-18T00:00:00.000,2019-09-18T00:00:00.000,2016
SPARKY,M,2010,Tibetan Terrier,10458,2014-09-18T00:00:00.000,2017-09-18T00:00:00.000,2016
GIGI,F,2009,"Poodle, Standard",11201,2014-09-18T00:00:00.000,2019-09-18T00:00:00.000,2016
PHILLIP,M,2011,Maltese,10463,2014-09-18T00:00:00.000,2019-09-18T00:00:00.000,2016
KATE,F,2011,Maltese,10463,2014-09-18T00:00:00.000,2019-09-18T00:00:00.000,2016
RUSTY,M,2005,German Shepherd Crossbreed,11218,2014-09-18T00:00:00.000,2016-10-30T00:00:00.000,2016
CURTIS,M,2010,Labrador Retriever,11215,2014-09-18T00:00:00.000,2017-10-24T00:00:00.000,2016
MONEYPENNY,F,2014,Chinese Crested,11215,2014-09-18T00:00:00.000,2019-09-18T00:00:00.000,2016
SEBASTIAN,M,2004,Italian Greyhound,10128,2014-09-18T00:00:00.000,2016-10-31T00:00:00.000,2016
MIDORI,F,2008,Anatolian Shepherd Dog,10019,2014-09-18T00:00:00.000,2017-09-18T00:00:00.000,2016
CAMPBELL,M,2014,Poodle,10128,2014-09-18T00:00:00.000,2016-09-18T00:00:00.000,2016
WILLIAM,M,2011,Maltese,10463,2014-09-18T00:00:00.000,2019-09-18T00:00:00.000,2016
APOLLO,M,2011,Maltese,10463,2014-09-18T00:00:00.000,2019-09-18T00:00:00.000,2016
SNOOPY,M,2012,Unknown,10454,2014-09-18T00:00:00.000,2019-09-06T00:00:00.000,2016
LISSY,F,2010,Chihuahua,11373,2014-09-19T00:00:00.000,2019-10-17T00:00:00.000,2016
PENNY,F,2013,Labrador Retriever Crossbreed,11217,2014-09-19T00:00:00.000,2019-09-19T00:00:00.000,2016
GUNTHER,M,2010,Unknown,10021,2014-09-19T00:00:00.000,2016-09-23T00:00:00.000,2016
TESLA,F,2013,American Pit Bull Terrier/Pit Bull,11237,2014-09-19T00:00:00.000,2019-09-19T00:00:00.000,2016
ANDY,M,2010,Chihuahua,11373,2014-09-19T00:00:00.000,2019-10-17T00:00:00.000,2016
MAX,M,2010,Unknown,11218,2014-09-19T00:00:00.000,2017-10-25T00:00:00.000,2016
COCO,F,2014,Maltese,11214,2014-09-19T00:00:00.000,2016-09-19T00:00:00.000,2016
SASHA,F,2014,Manchester Terrier,11385,2014-09-20T00:00:00.000,2019-09-20T00:00:00.000,2016
JETT,M,2009,Labrador Retriever,11237,2014-09-20T00:00:00.000,2016-09-20T00:00:00.000,2016
NINA,F,2005,Golden Retriever,10023,2014-09-20T00:00:00.000,2019-09-20T00:00:00.000,2016
BELLE,F,2006,Cocker Spaniel,11218,2014-09-20T00:00:00.000,2017-09-20T00:00:00.000,2016
COOPER,M,2008,Labrador Retriever,11201,2014-09-20T00:00:00.000,2019-09-23T00:00:00.000,2016
BRUTUS,M,2013,Cocker Spaniel,11102,2014-09-20T00:00:00.000,2019-10-23T00:00:00.000,2016
JOCKI,F,2008,Unknown,10463,2014-09-20T00:00:00.000,2019-06-19T00:00:00.000,2016
COCO,F,2002,Maltese,10027,2014-09-20T00:00:00.000,2016-09-20T00:00:00.000,2016
AUGUSTA,F,2001,Jack Russell Terrier,11217,2014-09-20T00:00:00.000,2017-10-14T00:00:00.000,2016
MINNIE,F,2007,Chihuahua,11217,2014-09-20T00:00:00.000,2017-10-14T00:00:00.000,2016
ZOEY,F,2014,Labradoodle,10301,2014-09-20T00:00:00.000,2019-09-20T00:00:00.000,2016
ROSIE,F,2013,Labradoodle,10013,2014-09-20T00:00:00.000,2019-09-20T00:00:00.000,2016
CHAUNCEY,M,2006,Shih Tzu,10463,2014-09-21T00:00:00.000,2016-09-21T00:00:00.000,2016
MICA,F,2005,Unknown,11222,2014-09-21T00:00:00.000,2016-09-29T00:00:00.000,2016
RIGGINS,F,2011,American Pit Bull Mix / Pit Bull Mix,10023,2014-09-21T00:00:00.000,2019-09-21T00:00:00.000,2016
JELLY,F,2014,German Shepherd Crossbreed,11364,2014-09-21T00:00:00.000,2019-09-21T00:00:00.000,2016
ANDY,F,2013,Cocker Spaniel,11201,2014-09-21T00:00:00.000,2018-09-21T00:00:00.000,2016
MAGGIE,F,2013,Labrador Retriever,10023,2014-09-21T00:00:00.000,2016-09-30T00:00:00.000,2016
SOLO,M,2008,American Pit Bull Mix / Pit Bull Mix,11234,2014-09-21T00:00:00.000,2019-06-10T00:00:00.000,2016
ZOE,F,2004,Havanese,11231,2014-09-21T00:00:00.000,2019-10-31T00:00:00.000,2016
HANNAH,F,2014,"Schnauzer, Miniature",10019,2014-09-21T00:00:00.000,2019-09-21T00:00:00.000,2016
CHANCE,M,2008,Border Terrier,11234,2014-09-21T00:00:00.000,2019-09-21T00:00:00.000,2016
PATCH,M,2004,Maltese,10016,2014-09-21T00:00:00.000,2019-10-02T00:00:00.000,2016
WOODY,M,2010,Unknown,11205,2014-09-21T00:00:00.000,2019-11-09T00:00:00.000,2016
STELLA,F,2013,Border Collie,11377,2014-09-22T00:00:00.000,2019-09-22T00:00:00.000,2016
MIA,F,2011,Yorkshire Terrier,11222,2014-09-22T00:00:00.000,2016-10-10T00:00:00.000,2016
CHASE,M,2007,Shih Tzu,11228,2014-09-22T00:00:00.000,2016-09-29T00:00:00.000,2016
DAISY,F,2014,"Poodle, Miniature",10038,2014-09-22T00:00:00.000,2017-09-22T00:00:00.000,2016
FIONA,F,2013,Boston Terrier,10128,2014-09-22T00:00:00.000,2019-09-22T00:00:00.000,2016
LEXY,F,2007,Yorkshire Terrier,10314,2014-09-22T00:00:00.000,2019-09-04T00:00:00.000,2016
DAKOTA,F,2014,Vizsla,10003,2014-09-22T00:00:00.000,2019-09-22T00:00:00.000,2016
PARKER,M,2014,Beagle Crossbreed,10309,2014-09-23T00:00:00.000,2019-09-23T00:00:00.000,2016
STORM,F,2012,Labrador Retriever,11209,2014-09-23T00:00:00.000,2019-10-04T00:00:00.000,2016
LEOPOLD,M,2008,Beagle,10023,2014-09-23T00:00:00.000,2017-07-18T00:00:00.000,2016
EVEYLYN,F,2008,French Bulldog,10011,2014-09-23T00:00:00.000,2016-09-23T00:00:00.000,2016
NENA,F,2007,Chihuahua,10473,2014-09-23T00:00:00.000,2016-09-23T00:00:00.000,2016
PIPER,F,2014,Pointer,10012,2014-09-23T00:00:00.000,2017-09-23T00:00:00.000,2016
JULIUS,M,2008,Australian Cattledog,11215,2014-09-23T00:00:00.000,2019-09-23T00:00:00.000,2016
CHUNK,M,2011,"Bull Dog, French",10011,2014-09-23T00:00:00.000,2016-08-16T00:00:00.000,2016
IVORY,F,2004,"Poodle, Toy",10461,2014-09-23T00:00:00.000,2017-10-19T00:00:00.000,2016
SPEEDY,M,2007,Unknown,11234,2014-09-24T00:00:00.000,2019-03-29T00:00:00.000,2016
BAMBA,M,2011,French Bulldog,11201,2014-09-24T00:00:00.000,2016-09-24T00:00:00.000,2016
BEAR,M,2013,Shiba Inu,10014,2014-09-24T00:00:00.000,2019-09-24T00:00:00.000,2016
TED,M,2011,American Pit Bull Mix / Pit Bull Mix,11206,2014-09-24T00:00:00.000,2017-09-24T00:00:00.000,2016
ALI,M,2009,Unknown,10314,2014-09-24T00:00:00.000,2018-10-28T00:00:00.000,2016
RUMI,M,2011,Unknown,10021,2014-09-24T00:00:00.000,2018-07-31T00:00:00.000,2016
OREO,F,2005,Havanese,10026,2014-09-24T00:00:00.000,2017-05-21T00:00:00.000,2016
LAWRENCE,M,2010,American Pit Bull Terrier/Pit Bull,10025,2014-09-25T00:00:00.000,2017-10-26T00:00:00.000,2016
SPIKE,M,2012,Unknown,10023,2014-10-01T00:00:00.000,2016-10-31T00:00:00.000,2016
MASON,M,2014,American Pit Bull Terrier/Pit Bull,10032,2014-09-25T00:00:00.000,2017-09-25T00:00:00.000,2016
PRINCESS,F,2008,Yorkshire Terrier,11102,2014-09-25T00:00:00.000,2016-10-08T00:00:00.000,2016
CHOCOLATE,F,2007,American Pit Bull Terrier/Pit Bull,11208,2014-09-25T00:00:00.000,2016-10-28T00:00:00.000,2016
BROOKLYN,F,2011,Unknown,10003,2014-10-07T00:00:00.000,2019-10-24T00:00:00.000,2016
WEEZY,M,2006,American Pit Bull Mix / Pit Bull Mix,10040,2014-09-25T00:00:00.000,2017-09-25T00:00:00.000,2016
LOLA,F,2014,Labrador Retriever,10040,2014-09-25T00:00:00.000,2019-09-25T00:00:00.000,2016
DEMO,M,2009,Havanese,11365,2014-09-25T00:00:00.000,2019-10-02T00:00:00.000,2016
ABBEY,F,2013,Weimaraner,11694,2014-09-25T00:00:00.000,2019-09-25T00:00:00.000,2016
EMMA,F,2013,Vizsla,11694,2014-09-25T00:00:00.000,2019-09-25T00:00:00.000,2016
GRAYSON,M,2012,Chihuahua,11221,2014-09-25T00:00:00.000,2017-09-25T00:00:00.000,2016
BO,M,2011,Maltese,11372,2014-09-25T00:00:00.000,2017-10-07T00:00:00.000,2016
ANGEL,F,2003,Unknown,10469,2014-09-25T00:00:00.000,2016-09-30T00:00:00.000,2016
COCO,F,2008,German Shepherd Dog,11221,2014-09-26T00:00:00.000,2019-09-26T00:00:00.000,2016
PORK,F,2011,"Bull Dog, English",10019,2014-09-26T00:00:00.000,2019-09-26T00:00:00.000,2016
BONNIE,F,2009,Maltese,11358,2014-09-26T00:00:00.000,2016-10-21T00:00:00.000,2016
SCOOBIE,M,2005,Jack Russell Terrier,11221,2014-09-26T00:00:00.000,2016-06-29T00:00:00.000,2016
DINO,M,2003,Unknown,11221,2014-09-26T00:00:00.000,2016-07-30T00:00:00.000,2016
BIANCA,F,2006,Shih Tzu,10023,2014-09-26T00:00:00.000,2017-06-29T00:00:00.000,2016
CHRISTMAS,F,2008,Miniature Schnauzer,10016,2014-09-26T00:00:00.000,2017-09-26T00:00:00.000,2016
CHASE,M,2011,Unknown,11414,2014-09-26T00:00:00.000,2019-02-13T00:00:00.000,2016
LULU,F,2010,"Poodle, Miniature",11211,2014-09-26T00:00:00.000,2018-09-26T00:00:00.000,2016
HARLEY,F,2014,Pomeranian,10009,2014-09-26T00:00:00.000,2016-09-26T00:00:00.000,2016
ROCKO,M,2013,Chihuahua,10035,2014-09-27T00:00:00.000,2017-09-27T00:00:00.000,2016
KINLEY,F,2012,German Shepherd Dog,11377,2014-09-27T00:00:00.000,2019-09-27T00:00:00.000,2016
AUGIE,M,2008,Pug,11238,2014-09-27T00:00:00.000,2016-10-28T00:00:00.000,2016
MOJEAU,M,2009,Brussels Griffon,10011,2014-09-27T00:00:00.000,2019-10-14T00:00:00.000,2016
WENDELL,M,2011,Wire Fox Terrier,10023,2014-09-27T00:00:00.000,2016-08-02T00:00:00.000,2016
RANGER,M,2014,German Shepherd Dog,11414,2014-09-27T00:00:00.000,2019-09-27T00:00:00.000,2016
MURPHY,M,2010,Puggle,10463,2014-09-27T00:00:00.000,2017-09-27T00:00:00.000,2016
SHASHI,F,2009,Jack Russell Terrier,10021,2014-09-27T00:00:00.000,2019-09-27T00:00:00.000,2016
DAISY,F,2003,"Poodle, Standard",11234,2014-09-27T00:00:00.000,2016-10-30T00:00:00.000,2016
AJAXX,M,2014,Miniature Pinscher,11222,2014-09-28T00:00:00.000,2016-09-28T00:00:00.000,2016
TOBY,M,2012,Havanese,10033,2014-09-28T00:00:00.000,2017-09-28T00:00:00.000,2016
ARCHIE,F,2011,Labrador Retriever,10027,2014-09-28T00:00:00.000,2019-09-28T00:00:00.000,2016
AJA,F,2010,Unknown,10463,2014-09-28T00:00:00.000,2016-09-26T00:00:00.000,2016
CODY,M,2012,Pug,10002,2014-09-28T00:00:00.000,2016-04-13T00:00:00.000,2016
DEXTER,M,2013,Labrador Retriever Crossbreed,10032,2014-09-28T00:00:00.000,2017-09-26T00:00:00.000,2016
BRIAN,M,2012,"Mastiff, Bull",10027,2014-09-28T00:00:00.000,2017-07-03T00:00:00.000,2016
BARNEY,M,2004,Beagle,10024,2014-09-29T00:00:00.000,2016-10-01T00:00:00.000,2016
Q,M,2008,Chihuahua,11222,2014-09-29T00:00:00.000,2019-03-06T00:00:00.000,2016
OLIVER,M,2012,"Poodle, Miniature",10019,2014-09-29T00:00:00.000,2019-09-29T00:00:00.000,2016
LOKI,F,2014,German Shepherd Crossbreed,11231,2014-09-29T00:00:00.000,2019-09-29T00:00:00.000,2016
BECK,M,2012,Dachshund Smooth Coat,10027,2014-09-29T00:00:00.000,2016-09-29T00:00:00.000,2016
DUKE,M,2012,Unknown,10306,2014-09-29T00:00:00.000,2019-09-06T00:00:00.000,2016
WENDY,F,2011,German Wirehaired Pointer,10022,2014-09-29T00:00:00.000,2016-09-29T00:00:00.000,2016
COOPER,M,2014,Unknown,11222,2014-09-29T00:00:00.000,2019-09-29T00:00:00.000,2016
BELLA,F,2007,Chow Chow,11429,2014-09-29T00:00:00.000,2016-09-29T00:00:00.000,2016
FINLEY,M,2013,"Poodle, Standard",11215,2014-09-29T00:00:00.000,2017-09-29T00:00:00.000,2016
ROCKY,M,2004,Chihuahua,11222,2014-09-29T00:00:00.000,2019-04-29T00:00:00.000,2016
GINNY,F,2004,Unknown,10022,2014-09-29T00:00:00.000,2016-09-29T00:00:00.000,2016
BENNIE,M,2010,Dachshund Smooth Coat,10471,2014-09-29T00:00:00.000,2017-09-29T00:00:00.000,2016
KYLA,F,2012,American Pit Bull Terrier/Pit Bull,11209,2014-09-29T00:00:00.000,2016-09-29T00:00:00.000,2016
COCO,F,2012,Poodle,11378,2014-09-30T00:00:00.000,2016-09-30T00:00:00.000,2016
SASHA,F,2012,Beagle,10014,2014-09-30T00:00:00.000,2019-09-30T00:00:00.000,2016
DASHWOOD,M,2014,Shetland Sheepdog,10023,2014-09-30T00:00:00.000,2016-09-30T00:00:00.000,2016
OLIVER,M,2014,English Setter,11238,2014-09-30T00:00:00.000,2019-09-30T00:00:00.000,2016
WYLIE,M,2010,German Shepherd Dog,10014,2014-09-30T00:00:00.000,2019-09-30T00:00:00.000,2016
COPPER,M,2007,"Welsh Corgi, Cardigan",10022,2014-09-30T00:00:00.000,2016-09-30T00:00:00.000,2016
KODIE,M,2012,Border Collie,10301,2014-09-30T00:00:00.000,2017-09-30T00:00:00.000,2016
TIKUIOE,M,2014,Yorkshire Terrier,11373,2014-10-01T00:00:00.000,2017-10-01T00:00:00.000,2016
RICKY,M,2003,Chihuahua,10011,2014-10-01T00:00:00.000,2017-10-30T00:00:00.000,2016
DARCY,F,2010,Dachshund,10014,2014-10-01T00:00:00.000,2016-10-01T00:00:00.000,2016
HUNDLEY,M,2012,Chihuahua,11105,2014-10-01T00:00:00.000,2017-10-05T00:00:00.000,2016
DAYO,M,2011,Unknown,10306,2014-10-01T00:00:00.000,2019-10-02T00:00:00.000,2016
MCHUMBA,M,2012,Rhodesian Ridgeback,10306,2014-10-01T00:00:00.000,2019-10-20T00:00:00.000,2016
KUMBUKA,F,2010,Rhodesian Ridgeback,10306,2014-10-01T00:00:00.000,2019-10-22T00:00:00.000,2016
UMA,F,2009,Rottweiler,10456,2014-10-01T00:00:00.000,2017-10-19T00:00:00.000,2016
RAYE,F,2008,Unknown,11105,2014-10-01T00:00:00.000,2017-02-11T00:00:00.000,2016
JAKE,M,2013,Puggle,10026,2014-10-01T00:00:00.000,2017-10-01T00:00:00.000,2016
PEBBLE,F,2012,Maltese,11249,2014-10-01T00:00:00.000,2017-10-19T00:00:00.000,2016
PRINCESS,F,2008,Lhasa Apso,11694,2014-10-01T00:00:00.000,2017-10-28T00:00:00.000,2016
LOUIE,M,2008,Papillon,11105,2014-10-01T00:00:00.000,2017-09-07T00:00:00.000,2016
MADDIE,F,2007,Labrador Retriever Crossbreed,10471,2014-10-01T00:00:00.000,2016-05-26T00:00:00.000,2016
SIMBA,M,2012,Golden Retriever,11426,2014-10-02T00:00:00.000,2017-10-02T00:00:00.000,2016
JAKE,M,2012,Norwich Terrier,10027,2014-10-02T00:00:00.000,2016-11-25T00:00:00.000,2016
WINSTON,M,2013,Wheaton Terrier,10021,2014-10-02T00:00:00.000,2018-10-02T00:00:00.000,2016
MAXIMUS,M,2010,Dachshund Smooth Coat,11222,2014-10-02T00:00:00.000,2017-10-02T00:00:00.000,2016
LUCY,F,2012,Dalmatian,11231,2014-10-02T00:00:00.000,2016-10-02T00:00:00.000,2016
OONA,F,2013,Yorkshire Terrier,10021,2014-10-02T00:00:00.000,2018-10-02T00:00:00.000,2016
LEO,M,2010,Rhodesian Ridgeback,11201,2014-10-02T00:00:00.000,2017-01-28T00:00:00.000,2016
FRANNY,F,2014,German Shepherd Dog,10011,2014-10-02T00:00:00.000,2019-10-02T00:00:00.000,2016
OZ,M,2013,Yorkshire Terrier,10021,2014-10-02T00:00:00.000,2018-10-02T00:00:00.000,2016
MAXX,M,2014,Cane Corso,10301,2014-10-03T00:00:00.000,2016-10-03T00:00:00.000,2016
BOOMER,M,2013,Collie Crossbreed,10461,2014-10-03T00:00:00.000,2017-10-03T00:00:00.000,2016
B,F,2013,Unknown,10003,2014-10-03T00:00:00.000,2019-10-23T00:00:00.000,2016
EDDIE,M,2011,Maltese,11225,2014-10-03T00:00:00.000,2016-08-28T00:00:00.000,2016
JOANIE,F,2010,Chihuahua,11209,2014-10-03T00:00:00.000,2017-10-03T00:00:00.000,2016
MAXI,M,2013,"Poodle, Toy",10282,2014-10-03T00:00:00.000,2016-10-03T00:00:00.000,2016
BLUE,F,2009,American Pit Bull Terrier/Pit Bull,11218,2014-10-03T00:00:00.000,2016-02-27T00:00:00.000,2016
VALENTINA,F,2011,Yorkshire Terrier,11229,2014-10-03T00:00:00.000,2016-08-26T00:00:00.000,2016
EZE,M,2008,"Poodle, Standard",10002,2014-10-03T00:00:00.000,2017-09-23T00:00:00.000,2016
REILY,F,2007,Maltese,11225,2014-10-03T00:00:00.000,2016-10-07T00:00:00.000,2016
LLOYD,M,2006,Boston Terrier,10025,2014-10-03T00:00:00.000,2016-10-03T00:00:00.000,2016
YOSHI,F,2009,Chihuahua,11378,2014-10-04T00:00:00.000,2019-10-04T00:00:00.000,2016
LOLA,F,2002,Dachshund,10011,2014-10-04T00:00:00.000,2017-10-04T00:00:00.000,2016
BUTCH,M,2012,Shih Tzu,10459,2014-10-04T00:00:00.000,2016-10-04T00:00:00.000,2016
BARKLEY,F,2013,Jack Russell Terrier,11201,2014-10-04T00:00:00.000,2017-10-02T00:00:00.000,2016
BUDDY,M,2014,Labrador Retriever Crossbreed,10016,2014-10-04T00:00:00.000,2019-10-04T00:00:00.000,2016
QUEENIE,F,2004,Dachshund Smooth Coat,10003,2014-10-04T00:00:00.000,2017-10-04T00:00:00.000,2016
ALISTAIR,M,2012,Labradoodle,10011,2014-10-04T00:00:00.000,2016-10-04T00:00:00.000,2016
INDIANA,M,2013,Vizsla,10075,2014-10-04T00:00:00.000,2016-11-24T00:00:00.000,2016
ZOEY,F,2012,American Pit Bull Mix / Pit Bull Mix,11416,2014-10-04T00:00:00.000,2017-10-04T00:00:00.000,2016
LAYLA,F,2013,Havanese,10065,2014-10-04T00:00:00.000,2019-10-04T00:00:00.000,2016
DASHIELL,M,2001,Unknown,11201,2014-10-05T00:00:00.000,2016-10-31T00:00:00.000,2016
SENSATION,F,2014,Mastiff,10035,2014-10-05T00:00:00.000,2016-10-05T00:00:00.000,2016
SEAVER,M,2013,Labrador Retriever Crossbreed,11106,2014-10-05T00:00:00.000,2019-10-06T00:00:00.000,2016
BETSY,F,2006,Unknown,10021,2014-10-05T00:00:00.000,2019-10-31T00:00:00.000,2016
ADELINE,F,2013,"Poodle, Toy",10036,2014-10-05T00:00:00.000,2019-10-05T00:00:00.000,2016
SIMBA,M,2014,Beagle,11385,2014-10-05T00:00:00.000,2016-10-05T00:00:00.000,2016
BUDDY,M,2010,Cocker Spaniel,10038,2014-10-05T00:00:00.000,2019-10-15T00:00:00.000,2016
BLU,M,2014,Cane Corso,11216,2014-10-05T00:00:00.000,2019-10-05T00:00:00.000,2016
BOURNE,M,2014,Golden Retriever,11201,2014-10-05T00:00:00.000,2017-10-05T00:00:00.000,2016
TEMPTATION,M,2014,Mastiff,10035,2014-10-05T00:00:00.000,2016-10-05T00:00:00.000,2016
COOKIE,F,2007,Yorkshire Terrier,11222,2014-10-06T00:00:00.000,2016-10-06T00:00:00.000,2016
ZAI,M,2010,Belgian Malinois,11221,2014-10-06T00:00:00.000,2017-10-06T00:00:00.000,2016
REMY,M,2011,Bichon Frise,11355,2014-10-06T00:00:00.000,2017-10-06T00:00:00.000,2016
NUCKY,F,2012,"Bull Dog, French",11222,2014-10-06T00:00:00.000,2019-04-22T00:00:00.000,2016
LILY,F,2007,Labrador Retriever,11378,2014-10-06T00:00:00.000,2019-10-06T00:00:00.000,2016
DANNY,M,2006,Unknown,10471,2014-10-06T00:00:00.000,2017-10-07T00:00:00.000,2016
BEAR,M,2013,Poodle,11215,2014-10-06T00:00:00.000,2019-10-06T00:00:00.000,2016
GRACIE,F,2002,Unknown,10304,2014-10-06T00:00:00.000,2016-10-30T00:00:00.000,2016
SWEETIE,F,2011,Unknown,11235,2014-10-06T00:00:00.000,2019-10-11T00:00:00.000,2016
JASMINE,F,2007,Chihuahua,10304,2014-10-06T00:00:00.000,2016-10-01T00:00:00.000,2016
ANGEL,M,2008,Yorkshire Terrier,11222,2014-10-06T00:00:00.000,2016-10-06T00:00:00.000,2016
SCOUT,F,2013,"Poodle, Miniature",10023,2014-10-06T00:00:00.000,2016-10-06T00:00:00.000,2016
TUNA,F,2005,Toy Fox Terrier,11221,2014-10-06T00:00:00.000,2017-10-06T00:00:00.000,2016
CHEWY,M,2003,Greyhound,10314,2014-10-06T00:00:00.000,2016-03-29T00:00:00.000,2016
JORDAN,F,2007,American Staffordshire Terrier,10040,2014-10-07T00:00:00.000,2016-10-07T00:00:00.000,2016
BANDIT,M,2014,Shih Tzu,10001,2014-10-07T00:00:00.000,2016-10-07T00:00:00.000,2016
SPENCER,F,2014,German Shepherd Crossbreed,11215,2014-10-07T00:00:00.000,2019-10-07T00:00:00.000,2016
MIA,F,2009,Miniature American Shepherd,11106,2014-10-07T00:00:00.000,2019-10-07T00:00:00.000,2016
SKIPPY,M,2004,Jack Russell Terrier,11215,2014-10-07T00:00:00.000,2017-10-07T00:00:00.000,2016
CUSHI,M,2011,Yorkshire Terrier,11372,2014-10-07T00:00:00.000,2016-02-17T00:00:00.000,2016
TRAVIS,M,2007,"Poodle, Miniature",10007,2014-10-07T00:00:00.000,2017-10-07T00:00:00.000,2016
MAYBELLENE,F,2007,Unknown,11222,2014-10-07T00:00:00.000,2017-05-07T00:00:00.000,2016
DAX,M,2009,"Welsh Corgi, Cardigan",10021,2014-10-07T00:00:00.000,2019-10-07T00:00:00.000,2016
BEEZIE,F,2013,French Bulldog,10012,2014-10-08T00:00:00.000,2017-10-08T00:00:00.000,2016
HENDRIX,M,2012,Shih Tzu,11375,2014-10-08T00:00:00.000,2019-10-08T00:00:00.000,2016
CLARA,F,2012,Border Collie,11205,2014-10-08T00:00:00.000,2017-10-08T00:00:00.000,2016
OTIS,M,2011,Labrador Retriever Crossbreed,11231,2014-10-08T00:00:00.000,2019-06-08T00:00:00.000,2016
BENJAMIN,M,2014,Standard Schnauzer,10032,2014-10-08T00:00:00.000,2016-10-08T00:00:00.000,2016
CODY,M,2012,Siberian Husky,11105,2014-10-08T00:00:00.000,2016-10-08T00:00:00.000,2016
WAXEY,M,2009,Chihuahua,10039,2014-10-08T00:00:00.000,2016-01-09T00:00:00.000,2016
PRINCE,M,2011,Labrador Retriever,11228,2014-10-08T00:00:00.000,2017-10-08T00:00:00.000,2016
BENDELS,M,2005,Maltese,10023,2014-10-09T00:00:00.000,2017-10-09T00:00:00.000,2016
LUNA,F,2012,Shih Tzu,10039,2014-10-09T00:00:00.000,2017-10-09T00:00:00.000,2016
RIVER,F,2013,Australian Shepherd,10012,2014-10-09T00:00:00.000,2016-08-06T00:00:00.000,2016
SASHA,F,2008,Yorkshire Terrier,11224,2014-10-09T00:00:00.000,2019-12-14T00:00:00.000,2016
DOORY,M,2011,Unknown,11106,2014-10-09T00:00:00.000,2016-10-09T00:00:00.000,2016
ZAPPA,M,2008,Border Collie,11205,2014-10-09T00:00:00.000,2016-10-09T00:00:00.000,2016
ALEX,M,2011,Yorkshire Terrier,10023,2014-10-09T00:00:00.000,2016-10-09T00:00:00.000,2016
DELILAH,F,2007,German Shepherd Crossbreed,10024,2014-10-09T00:00:00.000,2019-10-11T00:00:00.000,2016
ELLA,F,2012,Shih Tzu,10023,2014-10-09T00:00:00.000,2016-10-09T00:00:00.000,2016
BIANCO,M,2008,Maltese,11102,2014-10-09T00:00:00.000,2016-11-12T00:00:00.000,2016
POLLY,F,2013,Yorkshire Terrier,10011,2014-10-09T00:00:00.000,2019-10-09T00:00:00.000,2016
SCOOBY,F,2013,Unknown,10475,2014-10-09T00:00:00.000,2019-11-08T00:00:00.000,2016
NIKKO,M,2010,Siberian Husky,10038,2014-10-09T00:00:00.000,2016-10-14T00:00:00.000,2016
MOJO,M,2010,German Shepherd Crossbreed,11222,2014-10-09T00:00:00.000,2016-10-29T00:00:00.000,2016
LAYLA,F,2011,"Bull Dog, French",10011,2014-10-09T00:00:00.000,2017-12-11T00:00:00.000,2016
ZOEY,F,2007,Puggle,11228,2014-10-09T00:00:00.000,2019-10-09T00:00:00.000,2016
MURPHY,M,2012,Labradoodle,10016,2014-10-09T00:00:00.000,2019-07-18T00:00:00.000,2016
WATSON,M,2013,Beagle,11238,2014-10-09T00:00:00.000,2019-10-10T00:00:00.000,2016
DIESEL,M,2010,Unknown,11201,2014-10-10T00:00:00.000,2019-09-19T00:00:00.000,2016
PENNY,F,2012,Bassett Hound,10002,2014-10-10T00:00:00.000,2016-10-10T00:00:00.000,2016
CHANTILLY,F,2012,Brittany Spaniel,11415,2014-10-10T00:00:00.000,2016-10-10T00:00:00.000,2016
DODGER,M,2010,Unknown,10280,2014-10-10T00:00:00.000,2017-09-30T00:00:00.000,2016
LUNA,F,2012,Rottweiler,10451,2014-10-10T00:00:00.000,2016-10-10T00:00:00.000,2016
BETSY,F,2011,Labrador Retriever,11375,2014-10-10T00:00:00.000,2019-08-01T00:00:00.000,2016
BOOMER,F,2011,Boston Terrier,11101,2014-10-10T00:00:00.000,2019-10-10T00:00:00.000,2016
TOOTSIE,F,2008,Staffordshire Bull Terrier,11385,2014-10-10T00:00:00.000,2017-08-08T00:00:00.000,2016
HUMPHREY,M,2013,Golden Retriever,10017,2014-10-11T00:00:00.000,2016-10-11T00:00:00.000,2016
AJ,M,2012,Golden Retriever,10075,2014-10-11T00:00:00.000,2017-10-11T00:00:00.000,2016
TUCKER,M,2006,Shih Tzu,11221,2014-10-11T00:00:00.000,2017-10-11T00:00:00.000,2016
PHOENXI,F,2006,Maltese,10128,2014-10-11T00:00:00.000,2019-10-11T00:00:00.000,2016
OLIVIA,F,2008,Havanese,10026,2014-10-11T00:00:00.000,2017-08-19T00:00:00.000,2016
DIZZY,M,2012,Beagle Crossbreed,10023,2014-10-11T00:00:00.000,2017-10-11T00:00:00.000,2016
XIAO,F,2007,Shih Tzu,10280,2014-10-11T00:00:00.000,2019-10-11T00:00:00.000,2016
BODHI,M,2005,Unknown,11231,2014-10-11T00:00:00.000,2019-09-09T00:00:00.000,2016
COCO,F,2011,Labradoodle,10065,2014-10-11T00:00:00.000,2017-10-11T00:00:00.000,2016
FRANKIE,F,2013,"Schnauzer, Standard",10025,2014-10-11T00:00:00.000,2019-10-11T00:00:00.000,2016
REGGIE,M,2009,"Collie, Smooth Coat",11209,2014-10-11T00:00:00.000,2017-10-12T00:00:00.000,2016
CYPHA,M,2006,Unknown,10452,2014-10-11T00:00:00.000,2017-03-17T00:00:00.000,2016
DUDLEY,M,2003,"Schnauzer, Miniature",10025,2014-10-11T00:00:00.000,2016-09-30T00:00:00.000,2016
TOBY,M,2011,Golden Retriever,10025,2014-10-11T00:00:00.000,2017-10-11T00:00:00.000,2016
LUCKY,M,2013,Maltese,11101,2014-10-11T00:00:00.000,2019-10-11T00:00:00.000,2016
WALLY,M,2009,"Bull Dog, French",11228,2014-10-11T00:00:00.000,2017-08-11T00:00:00.000,2016
RAMIRO,M,2014,Golden Retriever,10029,2014-10-11T00:00:00.000,2016-10-11T00:00:00.000,2016
JASPER,M,2010,Jack Russell Terrier,10451,2014-10-11T00:00:00.000,2019-10-11T00:00:00.000,2016
FELLA,M,2003,Lhasa Apso,10023,2014-10-11T00:00:00.000,2019-10-11T00:00:00.000,2016
BARKLEY,F,2014,Labradoodle,10128,2014-10-11T00:00:00.000,2019-10-11T00:00:00.000,2016
AMY,F,2001,Labrador Retriever Crossbreed,10023,2014-10-11T00:00:00.000,2016-10-11T00:00:00.000,2016
CHARLIE,M,2013,Vizsla,10025,2014-10-11T00:00:00.000,2019-10-11T00:00:00.000,2016
SHADOW,F,2004,Unknown,11231,2014-10-12T00:00:00.000,2016-10-02T00:00:00.000,2016
BENZO,M,2006,Unknown,10128,2014-10-12T00:00:00.000,2017-10-27T00:00:00.000,2016
PERLA,F,2004,Unknown,10471,2014-10-12T00:00:00.000,2016-12-31T00:00:00.000,2016
SORU,M,2010,Labrador Retriever Crossbreed,11238,2014-10-13T00:00:00.000,2019-10-13T00:00:00.000,2016
HERMAN,M,2012,Jack Russell Terrier,11358,2014-10-13T00:00:00.000,2017-10-13T00:00:00.000,2016
BONACKER,M,2008,American English Coonhound,10025,2014-10-13T00:00:00.000,2017-10-13T00:00:00.000,2016
BEAR,M,2013,Labrador Retriever Crossbreed,10031,2014-10-13T00:00:00.000,2016-09-24T00:00:00.000,2016
TALULLAH,F,2014,Chihuahua,10011,2014-10-13T00:00:00.000,2019-10-13T00:00:00.000,2016
SHADOW,M,2012,Labrador Retriever,11218,2014-10-13T00:00:00.000,2016-10-13T00:00:00.000,2016
LEROY,M,2010,"Bull Dog, French",10013,2014-10-13T00:00:00.000,2019-03-27T00:00:00.000,2016
MAX,M,2013,Pomeranian,11358,2014-10-13T00:00:00.000,2017-07-14T00:00:00.000,2016
OSCAR,M,2012,Border Collie,11106,2014-10-14T00:00:00.000,2016-10-14T00:00:00.000,2016
IVY,F,2004,Unknown,10065,2014-10-14T00:00:00.000,2016-01-21T00:00:00.000,2016
SAMMY,M,2007,Australian Shepherd,10027,2014-10-14T00:00:00.000,2019-10-14T00:00:00.000,2016
GOBI,M,2014,Labrador Retriever,10128,2014-10-14T00:00:00.000,2019-10-14T00:00:00.000,2016
ELLIE,F,2010,Jack Russell Terrier,11106,2014-10-14T00:00:00.000,2016-10-14T00:00:00.000,2016
ZACK,M,2010,"Poodle, Miniature",10028,2014-10-14T00:00:00.000,2017-10-14T00:00:00.000,2016
ROXIE,F,2007,Labrador Retriever,10028,2014-10-14T00:00:00.000,2017-09-24T00:00:00.000,2016
CHEWBACCA,M,2014,German Shepherd Dog,11204,2014-10-14T00:00:00.000,2019-10-14T00:00:00.000,2016
ROMEO,M,2007,Chihuahua,10022,2014-10-14T00:00:00.000,2016-07-11T00:00:00.000,2016
BAILEY,F,2006,Unknown,10019,2014-10-14T00:00:00.000,2016-03-23T00:00:00.000,2016
HUMFREY,M,2009,Shih Tzu,10021,2014-10-14T00:00:00.000,2017-10-14T00:00:00.000,2016
LOUIS,M,2000,Portuguese Water Dog,10024,2014-10-14T00:00:00.000,2016-10-17T00:00:00.000,2016
RO,F,2009,Labrador Retriever Crossbreed,11215,2014-10-14T00:00:00.000,2016-02-01T00:00:00.000,2016
JUNE,F,2011,Collie Crossbreed,11105,2014-10-14T00:00:00.000,2016-09-29T00:00:00.000,2016
BETTY,F,2012,"Bull Dog, French",11206,2014-10-15T00:00:00.000,2016-10-06T00:00:00.000,2016
MADELINA,F,2012,Beagle Crossbreed,10034,2014-10-15T00:00:00.000,2019-10-02T00:00:00.000,2016
GIZMO,M,2003,Chihuahua,10023,2014-10-15T00:00:00.000,2017-10-15T00:00:00.000,2016
SASHA,F,2002,Miniature Pinscher,11235,2014-10-15T00:00:00.000,2016-10-15T00:00:00.000,2016
JENNY,F,2012,Silky Terrier,10312,2014-10-16T00:00:00.000,2019-12-21T00:00:00.000,2016
LEXY,F,2006,Yorkshire Terrier,10019,2014-10-16T00:00:00.000,2016-10-16T00:00:00.000,2016
GABE,M,2012,Rhodesian Ridgeback,11215,2014-10-16T00:00:00.000,2017-10-16T00:00:00.000,2016
CARLY,F,2014,Doberman Pinscher,10309,2014-10-16T00:00:00.000,2019-10-16T00:00:00.000,2016
JJYODAA,M,2010,Shih Tzu,10314,2014-10-16T00:00:00.000,2019-10-16T00:00:00.000,2016
LOL,F,2008,Rottweiler,10314,2014-10-16T00:00:00.000,2016-09-17T00:00:00.000,2016
EMMY,F,2014,Doberman Pinscher,10309,2014-10-16T00:00:00.000,2019-10-16T00:00:00.000,2016
ME,F,2004,Miniature Pinscher,11434,2014-10-16T00:00:00.000,2016-02-28T00:00:00.000,2016
CASPER,M,2012,Beagle,11414,2014-10-16T00:00:00.000,2019-02-17T00:00:00.000,2016
SAM,M,2007,Labrador Retriever,11418,2014-10-16T00:00:00.000,2016-10-30T00:00:00.000,2016
LYDIA,F,2011,Beagle Crossbreed,10014,2014-10-16T00:00:00.000,2017-10-16T00:00:00.000,2016
BARTHOLOMEW,M,2007,Jack Russell Terrier,11238,2014-10-16T00:00:00.000,2016-10-16T00:00:00.000,2016
MILEY,M,2007,Yorkshire Terrier,10016,2014-10-17T00:00:00.000,2019-10-17T00:00:00.000,2016
LUKE,M,2012,Border Terrier,10025,2014-10-17T00:00:00.000,2016-10-17T00:00:00.000,2016
BLU,F,2009,Yorkshire Terrier,10016,2014-10-17T00:00:00.000,2019-10-17T00:00:00.000,2016
BACON,M,2001,Shiba Inu,10002,2014-10-17T00:00:00.000,2019-10-27T00:00:00.000,2016
SOFIE,F,2013,Bichon Frise,11238,2014-10-17T00:00:00.000,2019-10-25T00:00:00.000,2016
FRITZ,M,2005,"Schnauzer, Miniature",10009,2014-10-17T00:00:00.000,2019-10-17T00:00:00.000,2016
NAKIA,F,2012,American Pit Bull Mix / Pit Bull Mix,10026,2014-10-17T00:00:00.000,2017-10-17T00:00:00.000,2016
BRIX,F,2006,Puggle,10013,2014-10-17T00:00:00.000,2017-08-29T00:00:00.000,2016
CHESTER,M,2008,Labrador Retriever Crossbreed,11375,2014-10-18T00:00:00.000,2016-02-20T00:00:00.000,2016
ROSIE,F,2013,American Pit Bull Mix / Pit Bull Mix,10470,2014-10-18T00:00:00.000,2019-10-18T00:00:00.000,2016
ELVIS,M,2009,Yorkshire Terrier,10035,2014-10-18T00:00:00.000,2019-10-18T00:00:00.000,2016
GUINNESS,M,2012,Beagle Crossbreed,11379,2014-10-18T00:00:00.000,2019-10-18T00:00:00.000,2016
ROOSEVELT,M,2012,Beagle Crossbreed,11379,2014-10-18T00:00:00.000,2019-10-18T00:00:00.000,2016
TACO,M,2014,Unknown,10461,2014-10-18T00:00:00.000,2017-10-18T00:00:00.000,2016
PUFFY,F,2002,"Poodle, Miniature",10037,2014-10-18T00:00:00.000,2016-10-18T00:00:00.000,2016
ROSS,M,2014,Bichon Frise,11238,2014-10-18T00:00:00.000,2019-10-18T00:00:00.000,2016
STELLA,F,2010,Yorkshire Terrier,10035,2014-10-18T00:00:00.000,2019-10-18T00:00:00.000,2016
HARLEY,F,2012,German Shepherd Crossbreed,10470,2014-10-18T00:00:00.000,2019-10-18T00:00:00.000,2016
CUPCAKES,F,2011,Yorkshire Terrier,10037,2014-10-18T00:00:00.000,2017-10-18T00:00:00.000,2016
ROCKY,M,2013,Dachshund,11101,2014-10-18T00:00:00.000,2017-10-18T00:00:00.000,2016
RAWLY,M,2001,"Poodle, Toy",10023,2014-10-18T00:00:00.000,2016-10-18T00:00:00.000,2016
TITUS,M,2013,Scottish Terrier,11233,2014-10-19T00:00:00.000,2016-08-11T00:00:00.000,2016
KITA,F,2014,Shiba Inu,11222,2014-10-19T00:00:00.000,2017-10-19T00:00:00.000,2016
BUDDY,M,2013,German Shepherd Crossbreed,11385,2014-10-19T00:00:00.000,2017-10-19T00:00:00.000,2016
ZOE,F,2014,Poodle,10013,2014-10-19T00:00:00.000,2016-10-19T00:00:00.000,2016
BARKLEY,F,2010,American Pit Bull Mix / Pit Bull Mix,10075,2014-10-19T00:00:00.000,2019-11-13T00:00:00.000,2016
CASSIE,F,2011,Belgian Malinois,11211,2014-10-19T00:00:00.000,2019-09-16T00:00:00.000,2016
HATCHI,M,2011,Maltese,10027,2014-10-20T00:00:00.000,2017-10-20T00:00:00.000,2016
MELODY,F,2007,Maltese,10128,2014-10-20T00:00:00.000,2019-10-20T00:00:00.000,2016
BEANS,M,2011,Beagle,10040,2014-10-20T00:00:00.000,2016-10-20T00:00:00.000,2016
LOCA,F,2009,Cavalier King Charles Spaniel,10009,2014-10-20T00:00:00.000,2016-06-04T00:00:00.000,2016
HENRIK,M,2009,German Shepherd Crossbreed,11358,2014-10-20T00:00:00.000,2016-09-08T00:00:00.000,2016
BROOKE,F,2009,Bull Terrier,11233,2014-10-20T00:00:00.000,2019-02-24T00:00:00.000,2016
ONYX,M,2009,"Schnauzer, Standard",11368,2014-10-20T00:00:00.000,2016-06-01T00:00:00.000,2016
MAGICK,M,2010,Siberian Husky,11219,2014-10-21T00:00:00.000,2017-10-21T00:00:00.000,2016
KOKO,F,2013,Chihuahua,10462,2014-10-21T00:00:00.000,2018-11-11T00:00:00.000,2016
DULCE,F,2009,"Poodle, Miniature",11373,2014-10-21T00:00:00.000,2016-08-21T00:00:00.000,2016
TIGER,M,2010,German Shepherd Dog,11354,2014-10-21T00:00:00.000,2017-10-21T00:00:00.000,2016
SAM,M,2008,"Bull Dog, English",11220,2014-10-21T00:00:00.000,2017-08-04T00:00:00.000,2016
BENNY,M,2008,Unknown,10012,2014-10-21T00:00:00.000,2016-10-21T00:00:00.000,2016
LUNA,F,2010,Unknown,11215,2014-10-21T00:00:00.000,2019-09-02T00:00:00.000,2016
WILLIS,M,2010,"Bull Dog, English",11209,2014-10-21T00:00:00.000,2016-10-21T00:00:00.000,2016
MAX,M,2008,Unknown,11211,2014-10-21T00:00:00.000,2017-08-31T00:00:00.000,2016
HOWARD,M,2012,Pomeranian,11238,2014-10-22T00:00:00.000,2016-09-25T00:00:00.000,2016
JADE,F,2010,Schipperkee,10461,2014-10-22T00:00:00.000,2017-04-28T00:00:00.000,2016
WATSON,M,2012,Wheaton Terrier,11215,2014-10-22T00:00:00.000,2019-10-22T00:00:00.000,2016
JACKSON,M,2014,French Bulldog,10009,2014-10-22T00:00:00.000,2019-10-22T00:00:00.000,2016
ROCKY,M,2010,Yorkshire Terrier,11223,2014-10-22T00:00:00.000,2017-10-22T00:00:00.000,2016
MAX,M,2013,Yorkshire Terrier,11373,2014-10-22T00:00:00.000,2016-09-25T00:00:00.000,2016
ZIPPY,F,2010,Scottish Terrier,11221,2014-10-22T00:00:00.000,2017-11-20T00:00:00.000,2016
APOLLO,M,2006,Brittany Spaniel,11222,2014-10-22T00:00:00.000,2017-10-18T00:00:00.000,2016
RIO,M,2006,Labrador Retriever,11101,2014-10-22T00:00:00.000,2017-10-22T00:00:00.000,2016
WINSTON,M,2005,Norfolk Terrier,10128,2014-10-22T00:00:00.000,2019-11-30T00:00:00.000,2016
KINGSTON,M,2014,Pekingese,10037,2014-10-22T00:00:00.000,2016-10-22T00:00:00.000,2016
Q,M,2007,Golden Retriever,11238,2014-10-22T00:00:00.000,2019-08-31T00:00:00.000,2016
BEETHOVEN,M,2009,Cocker Spaniel,11223,2014-10-22T00:00:00.000,2017-11-30T00:00:00.000,2016
PACKARD,M,2006,Labrador Retriever Crossbreed,11365,2014-10-22T00:00:00.000,2017-09-06T00:00:00.000,2016
LUCHIOUS,M,2006,Unknown,10065,2014-10-23T00:00:00.000,2017-11-29T00:00:00.000,2016
CARLY,F,2010,Golden Retriever,11234,2014-10-23T00:00:00.000,2019-11-29T00:00:00.000,2016
LEO,M,2008,Pug,10036,2014-10-23T00:00:00.000,2016-10-23T00:00:00.000,2016
SUKI,F,2006,Lhasa Apso,10065,2014-10-23T00:00:00.000,2016-09-03T00:00:00.000,2016
BENJAMIN,M,2011,Unknown,11229,2014-10-23T00:00:00.000,2019-11-22T00:00:00.000,2016
PINKY,F,2001,Maltese,10003,2014-10-23T00:00:00.000,2016-11-29T00:00:00.000,2016
SCOUT,F,2005,Unknown,11221,2014-10-23T00:00:00.000,2017-11-29T00:00:00.000,2016
ONYX,M,2010,"Poodle, Toy",11207,2014-10-23T00:00:00.000,2016-10-23T00:00:00.000,2016
BENJI,M,2008,Yorkshire Terrier,11239,2014-10-23T00:00:00.000,2017-10-23T00:00:00.000,2016
BEAKER,M,2011,Beagle Crossbreed,10025,2014-10-23T00:00:00.000,2017-09-10T00:00:00.000,2016
CYCLOPSE,M,2011,Shih Tzu,11223,2014-10-23T00:00:00.000,2019-10-23T00:00:00.000,2016
ANNIE,F,2006,Dachshund Smooth Coat Miniature,10036,2014-10-23T00:00:00.000,2019-10-23T00:00:00.000,2016
GRACIE,F,2012,Shih Tzu,11223,2014-10-23T00:00:00.000,2019-10-23T00:00:00.000,2016
ADDISON,F,2012,Poodle,10024,2014-10-23T00:00:00.000,2016-10-23T00:00:00.000,2016
FOXY,F,2012,Shiba Inu,10003,2014-10-23T00:00:00.000,2019-11-01T00:00:00.000,2016
SHELDON,M,2012,"Poodle, Standard",10303,2014-10-23T00:00:00.000,2016-09-08T00:00:00.000,2016
FRENCHIE,M,2009,Chihuahua,10036,2014-10-23T00:00:00.000,2016-10-23T00:00:00.000,2016
KAI,M,2010,German Shepherd Dog,11694,2014-10-23T00:00:00.000,2017-09-07T00:00:00.000,2016
BUDDY,M,2014,Great Dane,10023,2014-10-23T00:00:00.000,2019-10-23T00:00:00.000,2016
BRUNO,M,2014,Newfoundland,10016,2014-10-24T00:00:00.000,2019-10-24T00:00:00.000,2016
CHIP,M,2013,Yorkshire Terrier,10016,2014-10-24T00:00:00.000,2016-11-04T00:00:00.000,2016
LOLA,F,2011,Chihuahua,10128,2014-10-24T00:00:00.000,2017-11-04T00:00:00.000,2016
MOMO,M,2011,Bouvier Des Flandres,11385,2014-10-24T00:00:00.000,2019-11-04T00:00:00.000,2016
SOFIA,F,2009,Bernese Mountain Dog,11238,2014-10-24T00:00:00.000,2017-07-05T00:00:00.000,2016
RIO,M,2011,Shih Tzu,10465,2014-10-24T00:00:00.000,2019-11-10T00:00:00.000,2016
BLACKY,M,2009,American Pit Bull Mix / Pit Bull Mix,11209,2014-10-24T00:00:00.000,2016-10-24T00:00:00.000,2016
KATIE,F,2009,Labrador Retriever Crossbreed,11226,2014-10-24T00:00:00.000,2019-10-24T00:00:00.000,2016
LEAH,F,2012,Labrador Retriever Crossbreed,10002,2014-10-24T00:00:00.000,2019-11-09T00:00:00.000,2016
DUKE,M,2008,Unknown,11374,2014-10-24T00:00:00.000,2019-11-01T00:00:00.000,2016
QQ,M,2011,Unknown,11385,2014-10-24T00:00:00.000,2019-11-04T00:00:00.000,2016
MAXIMUS,M,2009,Cane Corso,10025,2014-10-24T00:00:00.000,2016-02-05T00:00:00.000,2016
BONITA,F,2013,Unknown,11435,2014-10-24T00:00:00.000,2017-11-15T00:00:00.000,2016
RILEY,M,2004,Golden Retriever,11201,2014-10-24T00:00:00.000,2016-06-24T00:00:00.000,2016
LITA,F,2009,Boston Terrier,10002,2014-10-24T00:00:00.000,2019-04-25T00:00:00.000,2016
LAMBO,M,2011,Cavalier King Charles Spaniel,11377,2014-10-24T00:00:00.000,2019-11-14T00:00:00.000,2016
HUDSON,M,2012,Labrador Retriever,10025,2014-10-24T00:00:00.000,2019-11-19T00:00:00.000,2016
FRANK,M,2012,Dachshund Smooth Coat,10036,2014-10-24T00:00:00.000,2019-08-27T00:00:00.000,2016
ZACH,M,2012,Australian Shepherd,10003,2014-10-25T00:00:00.000,2016-10-25T00:00:00.000,2016
ROSA,F,2013,Dachshund Smooth Coat,10011,2014-10-25T00:00:00.000,2017-10-25T00:00:00.000,2016
LULU,F,2014,Miniature Schnauzer,10028,2014-10-25T00:00:00.000,2019-10-25T00:00:00.000,2016
JASPER,M,2009,Pomeranian,11375,2014-10-25T00:00:00.000,2019-10-25T00:00:00.000,2016
LUIGI,M,2010,Pomeranian,10009,2014-10-25T00:00:00.000,2019-10-25T00:00:00.000,2016
ALFIE,M,2009,"Welsh Corgi, Pembroke",10003,2014-10-25T00:00:00.000,2018-08-23T00:00:00.000,2016
PETTITTE,M,2014,Beagle,10003,2014-10-25T00:00:00.000,2019-10-25T00:00:00.000,2016
MAGGIE,F,2007,German Shepherd Crossbreed,10009,2014-10-25T00:00:00.000,2017-10-25T00:00:00.000,2016
BEAR,M,2013,Boston Terrier,11206,2014-10-25T00:00:00.000,2018-10-25T00:00:00.000,2016
CLAMS,F,2014,Boston Terrier,11231,2014-10-25T00:00:00.000,2018-10-25T00:00:00.000,2016
JOSIE,F,2013,Border Collie,11361,2014-10-25T00:00:00.000,2019-10-25T00:00:00.000,2016
MOLLY,F,2010,"Bull Dog, French",10009,2014-10-25T00:00:00.000,2017-09-07T00:00:00.000,2016
LULU,F,2010,"Bull Dog, French",10009,2014-10-25T00:00:00.000,2017-09-07T00:00:00.000,2016
LOCO,M,2013,"Shar-Pei, Chinese",11209,2014-10-25T00:00:00.000,2017-11-23T00:00:00.000,2016
JAMPY,M,2014,American Pit Bull Mix / Pit Bull Mix,10009,2014-10-25T00:00:00.000,2019-10-25T00:00:00.000,2016
ZOE,F,2003,Chihuahua,11101,2014-10-25T00:00:00.000,2016-10-25T00:00:00.000,2016
JOOBE,F,2007,Havanese,10025,2014-10-25T00:00:00.000,2019-11-04T00:00:00.000,2016
COCO,M,2008,"Poodle, Miniature",10128,2014-10-25T00:00:00.000,2017-11-06T00:00:00.000,2016
NYLA,F,2011,Pomeranian,11375,2014-10-25T00:00:00.000,2017-10-25T00:00:00.000,2016
GINGER,F,2010,Unknown,11216,2014-10-25T00:00:00.000,2018-10-25T00:00:00.000,2016
CLARA,F,2008,Chihuahua,10014,2014-10-25T00:00:00.000,2017-10-25T00:00:00.000,2016
TUGBOAT,M,2008,Great Dane,11222,2014-10-25T00:00:00.000,2017-10-25T00:00:00.000,2016
CLEO,F,2009,English Springer Spaniel,11230,2014-10-25T00:00:00.000,2019-10-25T00:00:00.000,2016
SHELDON,M,2013,Irish Terrier,10009,2014-10-25T00:00:00.000,2016-10-25T00:00:00.000,2016
FRANK,M,2014,French Bulldog,10016,2014-10-25T00:00:00.000,2019-10-25T00:00:00.000,2016
HEFNER,M,2008,Pomeranian,10009,2014-10-25T00:00:00.000,2019-10-25T00:00:00.000,2016
ROCKY,M,2014,Labrador Retriever Crossbreed,11691,2014-10-25T00:00:00.000,2019-10-25T00:00:00.000,2016
BUCKET,M,2009,Shih Tzu,10467,2014-10-25T00:00:00.000,2019-11-04T00:00:00.000,2016
ANDY,F,2011,Unknown,11231,2014-10-25T00:00:00.000,2017-11-23T00:00:00.000,2016
NEMO,M,2014,Dachshund Smooth Coat Miniature,11214,2014-10-25T00:00:00.000,2017-10-25T00:00:00.000,2016
TONY,M,2012,Shih Tzu,10016,2014-10-25T00:00:00.000,2019-12-28T00:00:00.000,2016
FRITZ,F,2008,Chihuahua,11201,2014-10-25T00:00:00.000,2016-10-25T00:00:00.000,2016
JACOB,M,2011,Maltese,11211,2014-10-25T00:00:00.000,2019-10-25T00:00:00.000,2016
MURPHY,M,2008,"Poodle, Miniature",10465,2014-10-26T00:00:00.000,2017-10-26T00:00:00.000,2016
FISTIKI,M,2009,Cairn Terrier,10003,2014-10-26T00:00:00.000,2019-09-24T00:00:00.000,2016
TANUKI,F,2008,Unknown,10003,2014-10-26T00:00:00.000,2019-11-15T00:00:00.000,2016
LILY,F,2011,Unknown,10075,2014-10-26T00:00:00.000,2017-11-03T00:00:00.000,2016
SAWYER,M,2011,Unknown,10011,2014-10-26T00:00:00.000,2019-11-03T00:00:00.000,2016
BOOZER,M,2012,Tibetan Terrier,10017,2014-10-26T00:00:00.000,2019-11-22T00:00:00.000,2016
CHANCE,M,2010,Yorkshire Terrier,11201,2014-10-26T00:00:00.000,2016-11-02T00:00:00.000,2016
MOJO,M,2010,Doberman Pinscher,10075,2014-10-26T00:00:00.000,2016-09-22T00:00:00.000,2016
BUSY,F,2007,Chihuahua,11223,2014-10-26T00:00:00.000,2019-10-26T00:00:00.000,2016
PELUCHE,M,2009,Shih Tzu,10463,2014-10-26T00:00:00.000,2017-10-26T00:00:00.000,2016
TINO,M,2012,Maltese,10304,2014-10-26T00:00:00.000,2016-09-06T00:00:00.000,2016
TOUGH,M,2012,Chihuahua,10033,2014-10-26T00:00:00.000,2019-10-26T00:00:00.000,2016
BROWNIE,M,2010,Chihuahua,11223,2014-10-26T00:00:00.000,2019-10-26T00:00:00.000,2016
LIBBY,F,2009,Puggle,11215,2014-10-26T00:00:00.000,2017-10-26T00:00:00.000,2016
COOPER,M,2009,Beagle,10024,2014-10-27T00:00:00.000,2016-10-27T00:00:00.000,2016
OSCAR,M,2012,Yorkshire Terrier,11222,2014-10-27T00:00:00.000,2016-10-27T00:00:00.000,2016
LEO,M,2008,Pomeranian,11105,2014-10-27T00:00:00.000,2019-10-27T00:00:00.000,2016
GORDY,F,2010,Unknown,10460,2014-10-27T00:00:00.000,2016-01-04T00:00:00.000,2016
DAISY,F,2008,Shih Tzu,11106,2014-10-27T00:00:00.000,2017-11-25T00:00:00.000,2016
DEEPAK,M,2005,Unknown,11234,2014-10-27T00:00:00.000,2016-09-18T00:00:00.000,2016
CHARLIE,M,2013,Cavalier King Charles Spaniel,11231,2014-10-27T00:00:00.000,2017-10-27T00:00:00.000,2016
JOEY,M,2012,Poodle,10024,2014-10-27T00:00:00.000,2016-10-27T00:00:00.000,2016
CASEY,F,2005,Labrador Retriever,10075,2014-10-27T00:00:00.000,2019-11-23T00:00:00.000,2016
PAPI,M,2010,Havanese,10282,2014-10-27T00:00:00.000,2017-11-24T00:00:00.000,2016
INNIS,M,2013,Labrador Retriever,11379,2014-10-27T00:00:00.000,2019-11-15T00:00:00.000,2016
HAZEL,F,2010,Unknown,11229,2014-10-27T00:00:00.000,2017-11-04T00:00:00.000,2016
CLEO,F,2006,Maltese,10128,2014-10-27T00:00:00.000,2019-10-27T00:00:00.000,2016
HENRY,M,2011,Poodle,11222,2014-10-27T00:00:00.000,2016-10-27T00:00:00.000,2016
SOPHI,F,2007,Labrador Retriever,11201,2014-10-27T00:00:00.000,2016-10-27T00:00:00.000,2016
HARVEY,F,2012,Cocker Spaniel,11238,2014-10-27T00:00:00.000,2019-11-11T00:00:00.000,2016
MAGGIE,F,2010,Wheaton Terrier,10025,2014-10-27T00:00:00.000,2019-11-01T00:00:00.000,2016
PRINCESS,F,2001,Cocker Spaniel,10463,2014-10-27T00:00:00.000,2017-08-30T00:00:00.000,2016
HALLY,F,2012,German Shepherd Crossbreed,11385,2014-10-28T00:00:00.000,2017-10-28T00:00:00.000,2016
VALLEY,F,2009,Beagle Crossbreed,10451,2014-10-28T00:00:00.000,2017-10-28T00:00:00.000,2016
LEE,F,2006,Chow Chow,10028,2014-10-28T00:00:00.000,2016-11-02T00:00:00.000,2016
CHARLEY,M,2013,Yorkshire Terrier,11220,2014-10-28T00:00:00.000,2017-11-09T00:00:00.000,2016
ELI,M,2012,Yorkshire Terrier,11423,2014-10-28T00:00:00.000,2019-04-19T00:00:00.000,2016
TEDDY,M,2004,Labrador Retriever Crossbreed,10312,2014-10-28T00:00:00.000,2016-08-30T00:00:00.000,2016
CECILY,F,2014,German Shepherd Dog,10460,2014-10-28T00:00:00.000,2016-10-28T00:00:00.000,2016
MIA,F,2009,Maltese,10312,2014-10-28T00:00:00.000,2017-10-28T00:00:00.000,2016
BULLY,M,2010,American Pit Bull Terrier/Pit Bull,11419,2014-10-28T00:00:00.000,2016-09-24T00:00:00.000,2016
RILEY,M,2006,Miniature Pinscher,10306,2014-10-29T00:00:00.000,2016-10-31T00:00:00.000,2016
LEYLA,F,2013,Yorkshire Terrier,11368,2014-10-29T00:00:00.000,2016-10-29T00:00:00.000,2016
BUNNY,F,2014,Chihuahua,10013,2014-10-29T00:00:00.000,2017-10-29T00:00:00.000,2016
SNOWFLAKE,F,2011,Yorkshire Terrier,11354,2014-10-29T00:00:00.000,2019-10-29T00:00:00.000,2016
SPARKY,M,2005,Tibetan Spaniel,10455,2014-10-29T00:00:00.000,2018-11-29T00:00:00.000,2016
COCO,M,2005,Labrador Retriever,11692,2014-10-29T00:00:00.000,2017-10-29T00:00:00.000,2016
BEAN,F,2014,Siberian Husky,10018,2014-10-29T00:00:00.000,2016-10-29T00:00:00.000,2016
OTIS,F,2011,Labrador Retriever,10010,2014-10-29T00:00:00.000,2016-11-09T00:00:00.000,2016
BB,M,2005,Unknown,11364,2014-10-30T00:00:00.000,2017-12-28T00:00:00.000,2016
CHLOE,F,2010,Cavalier King Charles Spaniel,11385,2014-10-30T00:00:00.000,2017-11-21T00:00:00.000,2016
HITCHCOCK,M,2008,Havanese,11215,2014-10-30T00:00:00.000,2016-01-08T00:00:00.000,2016
LEO,M,2014,Cavalier King Charles Spaniel,11101,2014-10-30T00:00:00.000,2016-10-30T00:00:00.000,2016
PRECIOUS,F,2002,Chihuahua,10075,2014-10-30T00:00:00.000,2017-09-29T00:00:00.000,2016
RUGBY,M,2011,"Bull Dog, English",11102,2014-10-30T00:00:00.000,2016-10-30T00:00:00.000,2016
LEYLA,F,2006,Beagle,10075,2014-10-30T00:00:00.000,2017-10-01T00:00:00.000,2016
RUBY,F,2010,Shih Tzu,10310,2014-10-30T00:00:00.000,2016-01-03T00:00:00.000,2016
OLIVER,M,2012,Unknown,11215,2014-10-30T00:00:00.000,2019-11-20T00:00:00.000,2016
GRETZKY,M,2012,Unknown,11377,2014-10-30T00:00:00.000,2019-11-12T00:00:00.000,2016
FELIX,M,2010,Toy Fox Terrier,10014,2014-10-30T00:00:00.000,2017-10-30T00:00:00.000,2016
KUBRICK,M,2007,Havanese,11215,2014-10-30T00:00:00.000,2016-01-02T00:00:00.000,2016
FINLEY,F,2012,Australian Shepherd,11201,2014-10-31T00:00:00.000,2017-09-17T00:00:00.000,2016
SKI,F,2012,American Pit Bull Terrier/Pit Bull,11691,2014-10-31T00:00:00.000,2019-10-31T00:00:00.000,2016
MILKTEA,M,2010,Bichon Frise,11354,2014-10-31T00:00:00.000,2017-09-15T00:00:00.000,2016
WINTER,F,2014,Shih Tzu,11233,2014-10-31T00:00:00.000,2016-10-31T00:00:00.000,2016
LOLA,F,2011,Beagle Crossbreed,11109,2014-10-31T00:00:00.000,2019-11-15T00:00:00.000,2016
JUNIOR,M,2014,Pekingese,10462,2014-11-01T00:00:00.000,2017-11-01T00:00:00.000,2016
COOPER,M,2011,Australian Shepherd,11222,2014-11-01T00:00:00.000,2016-11-01T00:00:00.000,2016
LOLA,F,2012,Portuguese Podengo Pequeno,11201,2014-11-01T00:00:00.000,2016-11-01T00:00:00.000,2016
KOKO,F,2005,Pomeranian,11205,2014-11-01T00:00:00.000,2016-10-28T00:00:00.000,2016
ARBY,M,2009,Italian Greyhound,7030,2014-11-01T00:00:00.000,2016-09-08T00:00:00.000,2016
MIA,F,2012,Shih Tzu,11374,2014-11-01T00:00:00.000,2016-11-01T00:00:00.000,2016
BELLA,F,2011,Australian Shepherd,11222,2014-11-01T00:00:00.000,2016-11-01T00:00:00.000,2016
SEBASTIAN,M,2008,"Shar-Pei, Chinese",10036,2014-11-01T00:00:00.000,2016-10-28T00:00:00.000,2016
GRAZIO,M,2013,Yorkshire Terrier,10019,2014-11-02T00:00:00.000,2016-11-02T00:00:00.000,2016
CLANCY,M,2010,Cavalier King Charles Spaniel,10013,2014-11-02T00:00:00.000,2017-11-23T00:00:00.000,2016
SOPHIE,F,2009,Unknown,10016,2014-11-02T00:00:00.000,2017-10-05T00:00:00.000,2016
FRED,M,2002,Welsh Terrier,11217,2014-11-02T00:00:00.000,2016-11-02T00:00:00.000,2016
SHADOW,M,2014,Siberian Husky,11361,2014-11-02T00:00:00.000,2017-11-02T00:00:00.000,2016
RUBY,F,2013,American Pit Bull Mix / Pit Bull Mix,10016,2014-11-02T00:00:00.000,2017-11-02T00:00:00.000,2016
MO,M,2014,Labrador Retriever,11101,2014-11-02T00:00:00.000,2017-11-02T00:00:00.000,2016
DAKOTA,F,2011,Labrador Retriever Crossbreed,10307,2014-11-02T00:00:00.000,2018-11-16T00:00:00.000,2016
CARLY,F,2008,Havanese,10003,2014-11-02T00:00:00.000,2019-11-06T00:00:00.000,2016
PENELOPE,F,2012,Shih Tzu,10009,2014-11-02T00:00:00.000,2017-11-02T00:00:00.000,2016
CHARLES,M,2014,Cavalier King Charles Spaniel,10012,2014-11-03T00:00:00.000,2019-11-03T00:00:00.000,2016
SYNAMIN,F,2006,American Pit Bull Terrier/Pit Bull,11221,2014-11-03T00:00:00.000,2019-11-22T00:00:00.000,2016
MAX,M,2007,Unknown,10314,2014-11-03T00:00:00.000,2017-11-30T00:00:00.000,2016
DOBBY,M,2010,Yorkshire Terrier,11223,2014-11-03T00:00:00.000,2017-11-30T00:00:00.000,2016
RUSTY,M,2008,Miniature Pinscher,11375,2014-11-03T00:00:00.000,2016-11-03T00:00:00.000,2016
CALLIE,F,2011,American Pit Bull Mix / Pit Bull Mix,10463,2014-11-04T00:00:00.000,2016-11-04T00:00:00.000,2016
LEGO,M,2013,"Poodle, Toy",11368,2014-11-04T00:00:00.000,2019-11-04T00:00:00.000,2016
LADY,F,2005,German Shorthaired Pointer,10009,2014-11-04T00:00:00.000,2016-11-04T00:00:00.000,2016
BUTTERS,M,2013,Beagle,10467,2014-11-04T00:00:00.000,2016-11-04T00:00:00.000,2016
TOBIAS,M,2003,Dachshund,10310,2014-11-04T00:00:00.000,2019-11-04T00:00:00.000,2016
KENYA,F,2009,Maltese,11106,2014-11-04T00:00:00.000,2016-11-16T00:00:00.000,2016
MIMI,F,2009,"Schnauzer, Miniature",11201,2014-11-04T00:00:00.000,2019-11-09T00:00:00.000,2016
SILVIODANT,M,2006,Yorkshire Terrier,11235,2014-11-04T00:00:00.000,2019-11-29T00:00:00.000,2016
MAEBEL,F,2007,Labrador Retriever Crossbreed,10011,2014-11-05T00:00:00.000,2017-10-30T00:00:00.000,2016
MAX,M,2010,Rottweiler,10306,2014-11-05T00:00:00.000,2019-11-03T00:00:00.000,2016
HERCULES,M,2012,Great Dane,10009,2014-11-05T00:00:00.000,2016-11-05T00:00:00.000,2016
NALA,F,2012,American Pit Bull Mix / Pit Bull Mix,11358,2014-11-05T00:00:00.000,2019-09-19T00:00:00.000,2016
BODHI,M,2011,Unknown,11101,2014-11-05T00:00:00.000,2016-09-14T00:00:00.000,2016
BLUE,F,2012,Unknown,11375,2014-11-05T00:00:00.000,2019-11-06T00:00:00.000,2016
ANZU,M,2007,Unknown,11215,2014-11-05T00:00:00.000,2019-10-30T00:00:00.000,2016
THEO,M,2011,Shih Tzu,11234,2014-11-05T00:00:00.000,2017-11-05T00:00:00.000,2016
NOLA,F,2013,Catahoula Leopard Dog,10016,2014-11-06T00:00:00.000,2016-11-06T00:00:00.000,2016
FIEVEL,M,2011,Labrador Retriever Crossbreed,10003,2014-11-06T00:00:00.000,2019-11-23T00:00:00.000,2016
ARKEDENS,M,2008,Tibetan Terrier,10025,2014-11-06T00:00:00.000,2016-09-11T00:00:00.000,2016
MOLLY,F,2014,Poodle,10009,2014-11-06T00:00:00.000,2019-11-06T00:00:00.000,2016
TYSON,M,2010,Shetland Sheepdog,10010,2014-11-06T00:00:00.000,2016-09-21T00:00:00.000,2016
HEIMDALLR,M,2012,German Shepherd Dog,10314,2014-11-06T00:00:00.000,2019-09-27T00:00:00.000,2016
TAZ,M,2009,Labrador Retriever,10025,2014-11-07T00:00:00.000,2019-11-07T00:00:00.000,2016
TUCKER,M,2011,Labrador Retriever,10025,2014-11-07T00:00:00.000,2019-11-07T00:00:00.000,2016
APHRODITE,F,2010,Yorkshire Terrier,10011,2014-11-07T00:00:00.000,2017-11-01T00:00:00.000,2016
BARNABEE,M,2014,Boxer,11211,2014-11-07T00:00:00.000,2018-11-07T00:00:00.000,2016
MOOSE,M,2013,Bloodhound,10012,2014-11-07T00:00:00.000,2016-11-07T00:00:00.000,2016
JASPER,M,2008,Golden Retriever,11238,2014-11-07T00:00:00.000,2016-11-12T00:00:00.000,2016
DJANGO,F,2002,Unknown,11238,2014-11-07T00:00:00.000,2016-11-12T00:00:00.000,2016
JACK,M,2014,Rat Terrier,10009,2014-11-07T00:00:00.000,2016-11-07T00:00:00.000,2016
MORGAN,F,2011,Chihuahua,10016,2014-11-07T00:00:00.000,2019-11-07T00:00:00.000,2016
FLOUNDER,M,2010,Unknown,10011,2014-11-07T00:00:00.000,2019-09-27T00:00:00.000,2016
LOLA,F,2011,Unknown,10011,2014-11-07T00:00:00.000,2019-02-15T00:00:00.000,2016
MILO,M,2007,Labrador Retriever,10471,2014-11-07T00:00:00.000,2019-11-07T00:00:00.000,2016
PABLO,M,2009,Miniature Pinscher,10033,2014-11-07T00:00:00.000,2016-01-10T00:00:00.000,2016
POPPY,F,2007,Dachshund,10022,2014-11-08T00:00:00.000,2019-11-08T00:00:00.000,2016
MILO,M,2012,Australian Cattle Dog,10034,2014-11-08T00:00:00.000,2017-11-08T00:00:00.000,2016
HERSHEY,M,2013,Cocker Spaniel,10011,2014-11-08T00:00:00.000,2019-11-08T00:00:00.000,2016
ED,M,2007,American Staffordshire Terrier,11215,2014-11-08T00:00:00.000,2017-11-08T00:00:00.000,2016
MAGGIE,F,2014,Cocker Spaniel,10032,2014-11-08T00:00:00.000,2016-11-08T00:00:00.000,2016
PRINCESA,F,2009,Unknown,11373,2014-11-08T00:00:00.000,2016-08-09T00:00:00.000,2016
BLACE,M,2010,Bernese Mountain Dog,10451,2014-11-09T00:00:00.000,2016-11-09T00:00:00.000,2016
SOSA,M,2012,American Pit Bull Mix / Pit Bull Mix,10314,2014-11-09T00:00:00.000,2017-11-09T00:00:00.000,2016
GRACIE,F,2013,Field Spaniel,10465,2014-11-09T00:00:00.000,2019-11-09T00:00:00.000,2016
MYLO,M,2004,Siberian Husky,11377,2014-11-09T00:00:00.000,2016-11-09T00:00:00.000,2016
PRESA,F,2011,Unknown,10028,2014-11-09T00:00:00.000,2016-11-09T00:00:00.000,2016
KIRA,F,2013,Maltese,10075,2014-11-09T00:00:00.000,2019-12-06T00:00:00.000,2016
OSCAR,M,2007,"Bull Dog, French",10019,2014-11-09T00:00:00.000,2016-10-28T00:00:00.000,2016
MAC,M,2010,"Collie, Border",10003,2014-11-09T00:00:00.000,2016-11-16T00:00:00.000,2016
BALDWIN,M,2013,German Shepherd Crossbreed,11233,2014-11-10T00:00:00.000,2019-08-05T00:00:00.000,2016
CHARLIE,M,2014,Boxer,10022,2014-11-10T00:00:00.000,2019-11-10T00:00:00.000,2016
CHARLOTTE,F,2002,Australian Kelpie,10022,2014-11-10T00:00:00.000,2016-11-10T00:00:00.000,2016
CUTIE,F,2012,Jack Russell Terrier,11106,2014-11-10T00:00:00.000,2017-08-13T00:00:00.000,2016
METCALF,M,2011,American Staffordshire Terrier,10128,2014-11-10T00:00:00.000,2016-11-06T00:00:00.000,2016
KAYA,F,2008,American Pit Bull Mix / Pit Bull Mix,10301,2014-11-10T00:00:00.000,2017-11-10T00:00:00.000,2016
SAFFRON,F,2009,Unknown,10018,2014-11-10T00:00:00.000,2016-01-14T00:00:00.000,2016
BEAT,M,2007,Labrador Retriever,11238,2014-11-10T00:00:00.000,2017-09-04T00:00:00.000,2016
BRADLEY,M,2009,Parson Russell Terrier,10005,2014-11-11T00:00:00.000,2016-11-11T00:00:00.000,2016
RINGO,M,2011,Beagle,11103,2014-11-11T00:00:00.000,2019-11-11T00:00:00.000,2016
HENRY,M,2013,Labrador Retriever,10025,2014-11-11T00:00:00.000,2019-11-11T00:00:00.000,2016
MIMI,F,2009,Boston Terrier,11225,2014-11-11T00:00:00.000,2016-01-15T00:00:00.000,2016
ISABELLE,F,2013,Beagle,11104,2014-11-12T00:00:00.000,2019-11-12T00:00:00.000,2016
CODY,M,2011,American Pit Bull Mix / Pit Bull Mix,10307,2014-11-12T00:00:00.000,2019-11-12T00:00:00.000,2016
NALA,F,2014,Maltese,10022,2014-11-12T00:00:00.000,2017-11-12T00:00:00.000,2016
ADALYN,F,2007,Unknown,10036,2014-11-12T00:00:00.000,2017-10-23T00:00:00.000,2016
WATSON,M,2009,West High White Terrier,11237,2014-11-12T00:00:00.000,2017-11-18T00:00:00.000,2016
SAMANTHA,F,2011,Yorkshire Terrier,10473,2014-11-12T00:00:00.000,2019-10-31T00:00:00.000,2016
CHLOE,F,2005,Cocker Spaniel,10011,2014-11-12T00:00:00.000,2017-11-12T00:00:00.000,2016
LUKE,M,2011,"Poodle, Standard",11234,2014-11-12T00:00:00.000,2019-10-31T00:00:00.000,2016
KONA,F,2013,Labrador Retriever,11378,2014-11-13T00:00:00.000,2019-11-13T00:00:00.000,2016
MAX,M,2013,Pug,11215,2014-11-13T00:00:00.000,2019-11-06T00:00:00.000,2016
BOOBOO,M,2001,Cairn Terrier,10028,2014-11-13T00:00:00.000,2016-11-13T00:00:00.000,2016
GEORGE,M,2012,Unknown,11217,2014-11-13T00:00:00.000,2017-10-22T00:00:00.000,2016
SHANTY,F,2012,Poodle,11377,2014-11-13T00:00:00.000,2016-11-13T00:00:00.000,2016
GIA,F,2012,Yorkshire Terrier,10029,2014-11-13T00:00:00.000,2017-11-15T00:00:00.000,2016
LOLA,F,2013,Pug,11215,2014-11-13T00:00:00.000,2019-11-06T00:00:00.000,2016
BENTLEY,M,2014,"Poodle, Miniature",11360,2014-11-13T00:00:00.000,2019-11-13T00:00:00.000,2016
LYNUS,M,2004,Boston Terrier,11222,2014-11-13T00:00:00.000,2019-05-27T00:00:00.000,2016
RIPLEY,M,2004,Yorkshire Terrier,10460,2014-11-13T00:00:00.000,2016-09-29T00:00:00.000,2016
ROSIE,F,2010,Cotton De Tulear,10028,2014-11-13T00:00:00.000,2019-02-14T00:00:00.000,2016
SASHA,F,2012,Australian Terrier,10024,2014-11-14T00:00:00.000,2019-11-14T00:00:00.000,2016
HUNTER,M,2011,German Shepherd Crossbreed,10314,2014-11-14T00:00:00.000,2017-11-26T00:00:00.000,2016
ZION,M,2014,Labrador Retriever,10022,2014-11-14T00:00:00.000,2019-11-14T00:00:00.000,2016
OTTO,M,2007,Labrador Retriever,10022,2014-11-14T00:00:00.000,2019-09-26T00:00:00.000,2016
LITTLEROCK,M,2003,Unknown,10022,2014-11-14T00:00:00.000,2017-12-31T00:00:00.000,2016
ORION,M,2009,Shih Tzu,10024,2014-11-14T00:00:00.000,2017-11-14T00:00:00.000,2016
NIGEL,M,2013,Miniature Schnauzer,11201,2014-11-14T00:00:00.000,2016-11-14T00:00:00.000,2016
LOLA,F,2013,"Poodle, Standard",10128,2014-11-14T00:00:00.000,2019-04-20T00:00:00.000,2016
ZILLA,F,2013,Chihuahua,10128,2014-11-14T00:00:00.000,2018-11-14T00:00:00.000,2016
PEPPERMINT,F,2013,Shih Tzu,10011,2014-11-15T00:00:00.000,2019-11-15T00:00:00.000,2016
BO,M,2014,Pomeranian,11211,2014-11-15T00:00:00.000,2016-11-15T00:00:00.000,2016
PRINCESS,F,2014,American Pit Bull Mix / Pit Bull Mix,11207,2014-11-15T00:00:00.000,2016-11-15T00:00:00.000,2016
ZOEY,F,2011,"Poodle, Miniature",10002,2014-11-15T00:00:00.000,2016-07-10T00:00:00.000,2016
OKLY,M,2004,Brussels Griffon,10032,2014-11-15T00:00:00.000,2016-11-15T00:00:00.000,2016
SNOW,F,2014,American Pit Bull Terrier/Pit Bull,10305,2014-11-15T00:00:00.000,2019-11-15T00:00:00.000,2016
FRANCESCA,F,2012,"Mastiff, Old English",11219,2014-11-15T00:00:00.000,2019-11-15T00:00:00.000,2016
LA-NE-NA,F,2012,Chihuahua,10314,2014-11-15T00:00:00.000,2019-11-15T00:00:00.000,2016
BRISKET,M,2008,Maltese,10012,2014-11-15T00:00:00.000,2016-11-15T00:00:00.000,2016
LAH-LAH,F,2010,Labrador Retriever,10034,2014-11-15T00:00:00.000,2019-11-15T00:00:00.000,2016
LOVITA,F,2005,Maltese,10021,2014-11-15T00:00:00.000,2018-07-30T00:00:00.000,2016
KYUUBI,M,2011,Siberian Husky,10013,2014-11-15T00:00:00.000,2019-11-15T00:00:00.000,2016
TILLY,F,2008,Brussels Griffon,10032,2014-11-15T00:00:00.000,2017-11-15T00:00:00.000,2016
COOPER,M,2012,"Dachshund, Long Haired",10013,2014-11-15T00:00:00.000,2017-11-15T00:00:00.000,2016
ANGUS,M,2002,Sealyham Terrier,11697,2014-11-15T00:00:00.000,2016-11-15T00:00:00.000,2016
SHADOW,M,2012,Labrador Retriever,10033,2014-11-15T00:00:00.000,2016-12-06T00:00:00.000,2016
MR,M,2010,American Pit Bull Terrier/Pit Bull,10305,2014-11-15T00:00:00.000,2018-11-15T00:00:00.000,2016
COTTON,M,2013,Maltese,11355,2014-11-15T00:00:00.000,2019-09-05T00:00:00.000,2016
PRINCESS,F,2005,Maltese,11360,2014-11-15T00:00:00.000,2016-06-29T00:00:00.000,2016
BEDELIA,F,2014,American Pit Bull Terrier/Pit Bull,10309,2014-11-16T00:00:00.000,2018-11-16T00:00:00.000,2016
PRINCESS,F,2001,Silky Terrier,11212,2014-11-16T00:00:00.000,2016-07-07T00:00:00.000,2016
SCARLET,F,2011,Unknown,11369,2014-11-17T00:00:00.000,2016-10-04T00:00:00.000,2016
GUS,M,2013,Beagle Crossbreed,11222,2014-11-17T00:00:00.000,2017-11-17T00:00:00.000,2016
SCOOBY,M,2014,American Pit Bull Terrier/Pit Bull,10459,2014-11-17T00:00:00.000,2018-11-17T00:00:00.000,2016
DOTTIE,F,2014,French Bulldog,11221,2014-11-17T00:00:00.000,2019-11-17T00:00:00.000,2016
BLUE,M,2013,American Pit Bull Terrier/Pit Bull,10458,2014-11-17T00:00:00.000,2019-11-17T00:00:00.000,2016
HEINRICH,M,2012,Golden Retriever,10009,2014-11-17T00:00:00.000,2019-11-03T00:00:00.000,2016
ELVIS,M,2011,Chihuahua,10036,2014-11-17T00:00:00.000,2019-11-17T00:00:00.000,2016
BROOKLYN,M,2008,German Shepherd Dog,10314,2014-11-17T00:00:00.000,2019-11-03T00:00:00.000,2016
BAXTER,M,2010,Boston Terrier,11211,2014-11-17T00:00:00.000,2016-11-17T00:00:00.000,2016
DAISY,F,2013,Old English Sheepdog,11215,2014-11-17T00:00:00.000,2018-01-29T00:00:00.000,2016
JULIUS,M,2007,Beagle,10075,2014-11-17T00:00:00.000,2016-11-09T00:00:00.000,2016
MILES,M,2011,Unknown,10303,2014-11-18T00:00:00.000,2019-11-17T00:00:00.000,2016
BORIS,M,2010,Unknown,11214,2014-11-18T00:00:00.000,2017-08-29T00:00:00.000,2016
JORGE,M,2007,Unknown,11370,2014-11-18T00:00:00.000,2018-01-07T00:00:00.000,2016
MAYA,F,2013,Siberian Husky,10305,2014-11-18T00:00:00.000,2017-11-18T00:00:00.000,2016
BUSTER,M,2008,Miniature Pinscher,10472,2014-11-18T00:00:00.000,2016-11-15T00:00:00.000,2016
CORNELIUS,M,2013,German Shepherd Dog,11372,2014-11-18T00:00:00.000,2019-11-18T00:00:00.000,2016
NALA,F,2008,Rottweiler,10472,2014-11-18T00:00:00.000,2016-11-21T00:00:00.000,2016
BELLA,F,2010,American Pit Bull Terrier/Pit Bull,11358,2014-11-19T00:00:00.000,2016-07-06T00:00:00.000,2016
STELLA,F,2013,"Bull Dog, English",11216,2014-11-19T00:00:00.000,2016-11-19T00:00:00.000,2016
SCOOBY,M,2012,"Schnauzer, Miniature",10001,2014-11-19T00:00:00.000,2016-09-06T00:00:00.000,2016
ASPEN,F,2013,Miniature Schnauzer,10036,2014-11-19T00:00:00.000,2019-11-19T00:00:00.000,2016
SHADOW,M,2014,Bulldog,10036,2014-11-20T00:00:00.000,2019-11-20T00:00:00.000,2016
KARMA,F,2009,Weimaraner,10016,2014-11-20T00:00:00.000,2016-11-20T00:00:00.000,2016
DARCY,F,2007,Unknown,11209,2014-11-20T00:00:00.000,2019-11-24T00:00:00.000,2016
MAXIMUS,M,2010,"Bull Dog, French",10012,2014-11-20T00:00:00.000,2019-10-22T00:00:00.000,2016
GRIFFIN,M,2012,Shih Tzu,10305,2014-11-20T00:00:00.000,2016-11-20T00:00:00.000,2016
DARLA,F,2012,Shih Tzu,10305,2014-11-20T00:00:00.000,2016-11-20T00:00:00.000,2016
ERNIE,M,2008,Lhasa Apso,11222,2014-11-20T00:00:00.000,2019-11-17T00:00:00.000,2016
OAKLEY,F,2010,Labrador Retriever,10301,2014-11-20T00:00:00.000,2017-11-20T00:00:00.000,2016
HARLEY,M,2009,Weimaraner,10016,2014-11-20T00:00:00.000,2016-11-20T00:00:00.000,2016
HERMAN,M,2011,Havanese,10013,2014-11-20T00:00:00.000,2016-07-12T00:00:00.000,2016
BLUE,M,2014,Beagle,10465,2014-11-21T00:00:00.000,2016-11-21T00:00:00.000,2016
LUCY,F,2009,Unknown,11217,2014-11-21T00:00:00.000,2017-09-19T00:00:00.000,2016
SASHA,F,2004,Pomeranian,11104,2014-11-21T00:00:00.000,2016-04-23T00:00:00.000,2016
PENNY,F,2005,Yorkshire Terrier,10024,2014-11-21T00:00:00.000,2016-11-21T00:00:00.000,2016
WHIDBEY,F,2011,Labrador Retriever Crossbreed,10026,2014-11-21T00:00:00.000,2017-11-21T00:00:00.000,2016
FINLEY,M,2011,Collie Crossbreed,10023,2014-11-21T00:00:00.000,2016-11-21T00:00:00.000,2016
SCOOTER,M,2002,Tibetan Spaniel,10280,2014-11-21T00:00:00.000,2016-11-21T00:00:00.000,2016
KAISER,M,2010,German Shepherd Dog,11358,2014-11-21T00:00:00.000,2019-08-16T00:00:00.000,2016
ROCKY,M,2010,Yorkshire Terrier,11379,2014-11-21T00:00:00.000,2017-11-21T00:00:00.000,2016
FLASH,M,2007,"Poodle, Miniature",11224,2014-11-21T00:00:00.000,2016-11-21T00:00:00.000,2016
ANELA,F,2006,Labrador Retriever,10011,2014-11-21T00:00:00.000,2019-03-04T00:00:00.000,2016
BELLE,F,2014,German Shepherd Crossbreed,11224,2014-11-22T00:00:00.000,2016-11-22T00:00:00.000,2016
KITKAT,F,2013,Dachshund Smooth Coat,10038,2014-11-22T00:00:00.000,2017-11-22T00:00:00.000,2016
REX,M,2008,Unknown,10025,2014-11-22T00:00:00.000,2019-11-22T00:00:00.000,2016
ANNIE,F,2000,Unknown,10024,2014-11-22T00:00:00.000,2017-06-30T00:00:00.000,2016
RILEY,M,2008,Whippet,11215,2014-11-22T00:00:00.000,2016-01-19T00:00:00.000,2016
SASSY,F,2011,Miniature Pinscher,10029,2014-11-22T00:00:00.000,2019-09-08T00:00:00.000,2016
KINGSLEY,M,2012,Labrador Retriever,11214,2014-11-22T00:00:00.000,2019-11-22T00:00:00.000,2016
CHESSIE,F,2006,"Pointer, German Shorthaired",10023,2014-11-22T00:00:00.000,2016-09-27T00:00:00.000,2016
YODA,M,2011,Unknown,11217,2014-11-22T00:00:00.000,2019-11-22T00:00:00.000,2016
BUBBA,M,2013,"Bull Dog, English",10040,2014-11-22T00:00:00.000,2019-11-22T00:00:00.000,2016
JOJO,M,2006,Chihuahua,10002,2014-11-22T00:00:00.000,2019-11-22T00:00:00.000,2016
MURPHY,M,2012,Poodle,10011,2014-11-22T00:00:00.000,2019-11-22T00:00:00.000,2016
PUCCINI,M,2007,Yorkshire Terrier,10280,2014-11-22T00:00:00.000,2016-11-22T00:00:00.000,2016
HERCULES,M,2004,Pug,11357,2014-11-22T00:00:00.000,2016-11-22T00:00:00.000,2016
REESES,F,2013,Chihuahua,10038,2014-11-22T00:00:00.000,2017-11-22T00:00:00.000,2016
LOKI,M,2014,Nova Scotia Duck Tolling Retriever,10021,2014-11-22T00:00:00.000,2019-11-22T00:00:00.000,2016
AZABACHE,F,2007,Poodle,10468,2014-11-22T00:00:00.000,2016-11-22T00:00:00.000,2016
DESI,M,2013,Chihuahua,11105,2014-11-22T00:00:00.000,2016-11-22T00:00:00.000,2016
LOLA,F,2009,American Pit Bull Mix / Pit Bull Mix,11231,2014-11-23T00:00:00.000,2016-11-29T00:00:00.000,2016
CHELSEA,F,2014,Shiba Inu,10469,2014-11-23T00:00:00.000,2019-11-23T00:00:00.000,2016
COOKIE,F,2011,Shih Tzu,10010,2014-11-23T00:00:00.000,2016-08-22T00:00:00.000,2016
CHASE,M,2013,Shih Tzu,10039,2014-11-23T00:00:00.000,2016-11-23T00:00:00.000,2016
LOLA,F,2006,Labrador Retriever,11217,2014-11-23T00:00:00.000,2017-08-25T00:00:00.000,2016
LUNA,F,2004,Chihuahua,10011,2014-11-24T00:00:00.000,2016-11-24T00:00:00.000,2016
CHEWY,M,2014,Shih Tzu,11694,2014-11-24T00:00:00.000,2016-11-24T00:00:00.000,2016
BARCLAY,M,2014,Plott,10021,2014-11-24T00:00:00.000,2016-11-24T00:00:00.000,2016
CHASE,M,2008,Labrador Retriever,11691,2014-11-24T00:00:00.000,2017-11-25T00:00:00.000,2016
SHULA,F,2014,German Shepherd Dog,11209,2014-11-24T00:00:00.000,2016-11-24T00:00:00.000,2016
PAX,M,2005,Labrador Retriever,10004,2014-11-25T00:00:00.000,2017-11-25T00:00:00.000,2016
GRACE,F,2011,Shiba Inu,10001,2014-11-25T00:00:00.000,2016-11-25T00:00:00.000,2016
HUSOS,M,2013,"Bull Dog, English",11201,2014-11-25T00:00:00.000,2019-11-25T00:00:00.000,2016
SOFIE,F,2012,Chihuahua,10065,2014-11-26T00:00:00.000,2019-11-26T00:00:00.000,2016
LYNKS,M,2008,German Shepherd Dog,10475,2014-11-26T00:00:00.000,2016-01-04T00:00:00.000,2016
ROCKY,M,2011,Maltese,10466,2014-11-26T00:00:00.000,2016-01-03T00:00:00.000,2016
BOO,M,2011,Shih Tzu,10459,2014-11-26T00:00:00.000,2016-01-05T00:00:00.000,2016
ALLIE,F,2011,Wheaton Terrier,10065,2014-11-26T00:00:00.000,2016-01-17T00:00:00.000,2016
ABBY,F,2009,"Poodle, Standard",11215,2014-11-26T00:00:00.000,2016-01-04T00:00:00.000,2016
SPARKY,M,2001,German Shepherd Crossbreed,10302,2014-11-26T00:00:00.000,2016-01-30T00:00:00.000,2016
DAISY,F,2004,Pomeranian,11222,2014-11-26T00:00:00.000,2019-11-26T00:00:00.000,2016
ZORA,F,2009,Labrador Retriever,10128,2014-11-26T00:00:00.000,2016-01-05T00:00:00.000,2016
SLINKY,M,2009,"Dachshund, Long Haired",11004,2014-11-26T00:00:00.000,2016-01-06T00:00:00.000,2016
BONNILYN,F,2008,Beagle,11375,2014-11-26T00:00:00.000,2016-01-10T00:00:00.000,2016
NAME NOT PROVIDED,F,2011,Unknown,10461,2014-11-26T00:00:00.000,2016-01-12T00:00:00.000,2016
BISCUIT,M,2003,Jack Russell Terrier,10312,2014-11-26T00:00:00.000,2016-01-30T00:00:00.000,2016
OSCAR,M,2011,Labrador Retriever Crossbreed,11201,2014-11-26T00:00:00.000,2017-11-26T00:00:00.000,2016
MAGGIE,F,2010,Australian Shepherd,10312,2014-11-26T00:00:00.000,2017-11-15T00:00:00.000,2016
BUCKS,M,2010,Bichon Frise,10303,2014-11-26T00:00:00.000,2016-01-10T00:00:00.000,2016
PEGGY,F,2007,Unknown,10023,2014-11-26T00:00:00.000,2016-01-30T00:00:00.000,2016
JAXSON,M,2014,"Bull Dog, English",11416,2014-11-26T00:00:00.000,2016-11-26T00:00:00.000,2016
TOBIAS,M,2013,Chihuahua,10027,2014-11-26T00:00:00.000,2016-11-26T00:00:00.000,2016
BAILEY,F,2007,Beagle,11367,2014-11-26T00:00:00.000,2016-01-06T00:00:00.000,2016
HARPER,F,2012,Border Collie,10027,2014-11-26T00:00:00.000,2016-11-26T00:00:00.000,2016
MAX,M,2010,Cocker Spaniel,11369,2014-11-26T00:00:00.000,2016-01-16T00:00:00.000,2016
ARIEL,F,2003,Dalmatian,11360,2014-11-26T00:00:00.000,2016-01-30T00:00:00.000,2016
HAZEL,F,2005,Boston Terrier,11693,2014-11-26T00:00:00.000,2016-01-02T00:00:00.000,2016
AVA,F,2013,Unknown,11210,2014-11-26T00:00:00.000,2016-01-10T00:00:00.000,2016
BRONSON,M,2010,Australian Shepherd,10312,2014-11-26T00:00:00.000,2017-11-15T00:00:00.000,2016
SOPHIE,F,2011,Shiba Inu,10465,2014-11-26T00:00:00.000,2016-01-24T00:00:00.000,2016
TYSON,M,2013,"Bull Dog, English",11221,2014-11-27T00:00:00.000,2017-10-30T00:00:00.000,2016
MUFFIN,M,2013,"Collie, Rough Coat",10463,2014-11-27T00:00:00.000,2017-10-05T00:00:00.000,2016
RAYNA,F,2013,"Bull Dog, French",10464,2014-11-27T00:00:00.000,2017-12-07T00:00:00.000,2016
SHORTY,M,2006,Maltese,10023,2014-11-27T00:00:00.000,2019-11-27T00:00:00.000,2016
KENZI,F,2010,"Schnauzer, Miniature",11420,2014-11-27T00:00:00.000,2016-01-03T00:00:00.000,2016
STELLA,F,2014,Rottweiler,10302,2014-11-27T00:00:00.000,2019-11-27T00:00:00.000,2016
MADISON,F,2013,Cavalier King Charles Spaniel,10005,2014-11-28T00:00:00.000,2016-11-11T00:00:00.000,2016
MAX,M,2004,Shiba Inu,10469,2014-11-28T00:00:00.000,2019-10-31T00:00:00.000,2016
TALULLAH,F,2001,Wire Fox Terrier,10128,2014-11-28T00:00:00.000,2016-12-30T00:00:00.000,2016
SASHA,F,2014,Labrador Retriever,10469,2014-11-28T00:00:00.000,2019-11-28T00:00:00.000,2016
ROMEO,M,2000,Shih Tzu,11212,2014-11-28T00:00:00.000,2016-11-29T00:00:00.000,2016
GUS,M,2010,Boston Terrier,10310,2014-11-29T00:00:00.000,2019-11-29T00:00:00.000,2016
YOGI,M,2005,Pomeranian,10463,2014-11-29T00:00:00.000,2017-10-22T00:00:00.000,2016
LUCY,F,2007,Unknown,11218,2014-11-29T00:00:00.000,2016-12-03T00:00:00.000,2016
MATTINGLY,F,2003,Unknown,10463,2014-11-29T00:00:00.000,2017-11-29T00:00:00.000,2016
CHARLIE,M,2014,"Poodle, Miniature",11235,2014-11-30T00:00:00.000,2017-11-30T00:00:00.000,2016
SADIE,F,2010,Unknown,10024,2014-11-30T00:00:00.000,2017-04-09T00:00:00.000,2016
MISSY,F,2009,Border Collie,10019,2014-11-30T00:00:00.000,2017-11-30T00:00:00.000,2016
TESSY,F,2011,Pug,11201,2014-11-30T00:00:00.000,2017-11-30T00:00:00.000,2016
OTIS,M,2005,"Dachshund, Long Haired Miniature",11201,2014-11-30T00:00:00.000,2017-11-30T00:00:00.000,2016
JERRY,M,2012,Lancashire Heeler,11205,2014-11-30T00:00:00.000,2016-11-30T00:00:00.000,2016
PEANUT,M,2014,Chihuahua,11201,2014-11-30T00:00:00.000,2016-11-30T00:00:00.000,2016
ELLA,F,2010,"Dachshund, Long Haired Miniature",11201,2014-11-30T00:00:00.000,2017-11-30T00:00:00.000,2016
EVA,F,2012,"Poodle, Miniature",11109,2014-11-30T00:00:00.000,2017-11-30T00:00:00.000,2016
ROCKY,M,2007,American Eskimo dog,10003,2014-11-30T00:00:00.000,2019-11-19T00:00:00.000,2016
SAILOR,M,2011,Unknown,11362,2014-11-30T00:00:00.000,2017-12-04T00:00:00.000,2016
OSCAR,M,2013,Wheaton Terrier,11238,2014-11-30T00:00:00.000,2019-11-30T00:00:00.000,2016
SUSIE,F,2007,Shih Tzu,10024,2014-11-30T00:00:00.000,2016-11-30T00:00:00.000,2016
ACCURA,F,2012,Unknown,10010,2014-12-01T00:00:00.000,2016-11-28T00:00:00.000,2016
PEPPER,M,2000,Dachshund Smooth Coat,10019,2014-12-01T00:00:00.000,2018-11-27T00:00:00.000,2016
KEVIN,M,2014,French Bulldog,11206,2014-12-01T00:00:00.000,2016-12-01T00:00:00.000,2016
STELLA,F,2012,American Pit Bull Mix / Pit Bull Mix,10011,2014-12-01T00:00:00.000,2017-11-12T00:00:00.000,2016
LUCY,F,2004,Unknown,10040,2014-12-01T00:00:00.000,2019-12-07T00:00:00.000,2016
ANNIE,F,2011,Beagle Crossbreed,10075,2014-12-01T00:00:00.000,2019-12-08T00:00:00.000,2016
PETUNIA,F,2011,Boxer,10033,2014-12-01T00:00:00.000,2016-12-12T00:00:00.000,2016
BOODA,M,2012,Unknown,10040,2014-12-01T00:00:00.000,2016-11-14T00:00:00.000,2016
COCO,F,2011,Cotton De Tulear,11235,2014-12-01T00:00:00.000,2016-01-22T00:00:00.000,2016
DIZZY,M,2012,Pointer,10024,2014-12-02T00:00:00.000,2016-11-13T00:00:00.000,2016
STANLEY,M,2008,Golden Retriever,10022,2014-12-02T00:00:00.000,2018-12-02T00:00:00.000,2016
SIMON,M,2000,Maltese,10462,2014-12-02T00:00:00.000,2016-01-30T00:00:00.000,2016
NEKO,F,2008,Unknown,10065,2014-12-02T00:00:00.000,2019-03-23T00:00:00.000,2016
SUGAR,F,2008,Pekingese,11101,2014-12-02T00:00:00.000,2016-02-07T00:00:00.000,2016
OZZY,M,2008,Golden Retriever,11106,2014-12-02T00:00:00.000,2019-12-12T00:00:00.000,2016
OLIVER,M,2009,Cavalier King Charles Spaniel,10075,2014-12-03T00:00:00.000,2017-10-29T00:00:00.000,2016
TUCKER,M,2005,"Bull Dog, English",10001,2014-12-03T00:00:00.000,2016-01-30T00:00:00.000,2016
LEO,M,2011,Rhodesian Ridgeback,11231,2014-12-03T00:00:00.000,2019-06-27T00:00:00.000,2016
CHARLEY,M,2011,Cocker Spaniel,11207,2014-12-03T00:00:00.000,2018-12-03T00:00:00.000,2016
LUCA,M,2009,Maltese,10028,2014-12-03T00:00:00.000,2019-12-03T00:00:00.000,2016
BLUE,M,2013,Rottweiler,10002,2014-12-03T00:00:00.000,2019-01-22T00:00:00.000,2016
BLYTHE,F,2012,Schipperke,11106,2014-12-03T00:00:00.000,2019-12-03T00:00:00.000,2016
SOPHIA,F,2003,Unknown,10024,2014-12-04T00:00:00.000,2017-11-23T00:00:00.000,2016
BELLA,F,2009,Maltese,10467,2014-12-04T00:00:00.000,2016-12-04T00:00:00.000,2016
TYAPA,M,2004,Yorkshire Terrier,11220,2014-12-04T00:00:00.000,2016-11-30T00:00:00.000,2016
TEXACO,M,2013,Labrador Retriever,11201,2014-12-05T00:00:00.000,2019-12-05T00:00:00.000,2016
DOLCE,F,2008,"Dachshund, Wirehaired, Miniature",10023,2014-12-05T00:00:00.000,2017-12-05T00:00:00.000,2016
MIA,F,2006,Unknown,10025,2014-12-05T00:00:00.000,2019-12-13T00:00:00.000,2016
APOLLO,M,2014,American Pit Bull Terrier/Pit Bull,11420,2014-12-05T00:00:00.000,2017-12-05T00:00:00.000,2016
BENTLEY,M,2012,American Pit Bull Terrier/Pit Bull,10027,2014-12-05T00:00:00.000,2019-11-24T00:00:00.000,2016
SAIYA,F,2008,Shih Tzu,10312,2014-12-06T00:00:00.000,2019-12-17T00:00:00.000,2016
ELLA,F,2011,Border Collie,11104,2014-12-06T00:00:00.000,2016-07-06T00:00:00.000,2016
HAZEL,F,2013,Bull Terrier,10014,2014-12-07T00:00:00.000,2018-09-12T00:00:00.000,2016
CHARLIE,F,2012,Shih Tzu,10014,2014-12-07T00:00:00.000,2019-11-10T00:00:00.000,2016
REX,M,2013,German Shepherd Dog,11223,2014-12-07T00:00:00.000,2019-12-07T00:00:00.000,2016
BILLY,M,2014,Australian Cattledog,10312,2014-12-07T00:00:00.000,2019-12-07T00:00:00.000,2016
NAME NOT PROVIDED,M,2013,Pomeranian,11432,2014-12-07T00:00:00.000,2019-11-19T00:00:00.000,2016
AUGUSTUS,M,2011,American Pit Bull Terrier/Pit Bull,10026,2014-12-07T00:00:00.000,2016-12-25T00:00:00.000,2016
PUMPKIN,F,2009,American Pit Bull Terrier/Pit Bull,10026,2014-12-07T00:00:00.000,2016-12-20T00:00:00.000,2016
MAHALO,F,2009,French Bulldog,11373,2014-12-08T00:00:00.000,2019-12-08T00:00:00.000,2016
BEAR,M,2014,German Shepherd Dog,11222,2014-12-08T00:00:00.000,2016-12-08T00:00:00.000,2016
CHOCOLATE,F,2001,"Dachshund, Long Haired Miniature",10019,2014-12-08T00:00:00.000,2019-12-08T00:00:00.000,2016
KELLY,F,2010,Labrador Retriever Crossbreed,11367,2014-12-08T00:00:00.000,2017-12-11T00:00:00.000,2016
TUCKER,M,2011,Pug,11102,2014-12-08T00:00:00.000,2016-12-08T00:00:00.000,2016
CEE-CEE,F,2000,Cane Corso,10462,2014-12-09T00:00:00.000,2016-12-09T00:00:00.000,2016
DASH,M,2011,Cavalier King Charles Spaniel,11228,2014-12-09T00:00:00.000,2016-12-09T00:00:00.000,2016
HANNAH,F,2006,Unknown,11209,2014-12-09T00:00:00.000,2019-12-29T00:00:00.000,2016
APACHE,M,2013,Unknown,10003,2014-12-09T00:00:00.000,2019-12-12T00:00:00.000,2016
COCO,M,2014,Cocker Spaniel,11377,2014-12-09T00:00:00.000,2018-12-09T00:00:00.000,2016
OBI,M,2010,Unknown,11221,2014-12-09T00:00:00.000,2017-11-01T00:00:00.000,2016
RUFUS,M,2013,Unknown,11102,2014-12-09T00:00:00.000,2017-12-25T00:00:00.000,2016
GUINNESS,M,2014,Labrador Retriever,11217,2014-12-09T00:00:00.000,2018-12-09T00:00:00.000,2016
LEXI,F,2010,Labrador Retriever,11375,2014-12-09T00:00:00.000,2017-12-09T00:00:00.000,2016
HANDSOME,M,2012,"Bull Dog, English",10302,2014-12-10T00:00:00.000,2019-12-07T00:00:00.000,2016
NEVYN,M,2012,Wheaton Terrier,10301,2014-12-10T00:00:00.000,2019-12-09T00:00:00.000,2016
BAXTER,M,2012,"Schnauzer, Miniature",10010,2014-12-10T00:00:00.000,2019-12-27T00:00:00.000,2016
MADIGAN,F,2011,Havanese,10010,2014-12-10T00:00:00.000,2017-12-12T00:00:00.000,2016
SEYMOUR,M,2014,"Schnauzer, Miniature",10024,2014-12-10T00:00:00.000,2016-12-10T00:00:00.000,2016
LUCKY,M,2008,Maltese,11229,2014-12-10T00:00:00.000,2019-12-07T00:00:00.000,2016
TCC,M,2007,Golden Retriever,11364,2014-12-10T00:00:00.000,2017-12-07T00:00:00.000,2016
BLANCA,F,2007,Golden Retriever,11372,2014-12-10T00:00:00.000,2016-12-05T00:00:00.000,2016
BENTLEY,M,2002,Shih Tzu,10011,2014-12-10T00:00:00.000,2016-12-08T00:00:00.000,2016
YELDA,F,2010,"Poodle, Miniature",11375,2014-12-10T00:00:00.000,2019-12-29T00:00:00.000,2016
MORICA,F,2008,Siberian Husky,10472,2014-12-10T00:00:00.000,2016-12-23T00:00:00.000,2016
MOLLIE,F,2004,German Shepherd Crossbreed,10002,2014-12-10T00:00:00.000,2017-12-10T00:00:00.000,2016
NOLA,F,2012,Unknown,10023,2014-12-10T00:00:00.000,2019-12-03T00:00:00.000,2016
HENDRICKS,M,2007,Shetland Sheepdog,10011,2014-12-10T00:00:00.000,2019-12-10T00:00:00.000,2016
BROWNIE,M,2010,Chihuahua,10454,2014-12-10T00:00:00.000,2016-12-15T00:00:00.000,2016
MARIO,M,2010,Boston Terrier,11217,2014-12-11T00:00:00.000,2017-12-07T00:00:00.000,2016
GUCCI,M,2013,Yorkshire Terrier,10467,2014-12-11T00:00:00.000,2016-11-04T00:00:00.000,2016
MAX,M,2002,Lhasa Apso,10019,2014-12-11T00:00:00.000,2016-05-20T00:00:00.000,2016
DIGBY,M,2002,Dachshund,10009,2014-12-11T00:00:00.000,2019-12-11T00:00:00.000,2016
PEANUT,M,2011,"Poodle, Miniature",10005,2014-12-11T00:00:00.000,2016-03-14T00:00:00.000,2016
BUSTER,M,2010,"Bull Dog, French",11238,2014-12-11T00:00:00.000,2016-12-06T00:00:00.000,2016
MAYA,F,2009,Unknown,11209,2014-12-11T00:00:00.000,2017-12-07T00:00:00.000,2016
PENELOPE,F,2011,Unknown,10031,2014-12-11T00:00:00.000,2016-12-02T00:00:00.000,2016
GRENDEL,F,2011,Cane Corso,10031,2014-12-11T00:00:00.000,2016-12-02T00:00:00.000,2016
MOLLY,F,2009,"Bull Dog, English",10075,2014-12-11T00:00:00.000,2017-12-16T00:00:00.000,2016
STAVI,M,2013,"Poodle, Toy",10016,2014-12-11T00:00:00.000,2016-12-11T00:00:00.000,2016
BRUNO,M,2011,"Poodle, Miniature",10471,2014-12-11T00:00:00.000,2019-12-11T00:00:00.000,2016
RANGER,M,2011,Beagle Crossbreed,10016,2014-12-11T00:00:00.000,2019-12-16T00:00:00.000,2016
BUNNI,F,2011,Shih Tzu,10005,2014-12-11T00:00:00.000,2016-09-12T00:00:00.000,2016
JACOB,M,2005,Unknown,11238,2014-12-11T00:00:00.000,2016-11-20T00:00:00.000,2016
MOMO,F,2009,Beagle,28677,2014-12-11T00:00:00.000,2016-12-14T00:00:00.000,2016
BELLA,F,2013,Yorkshire Terrier,11434,2014-12-11T00:00:00.000,2016-01-25T00:00:00.000,2016
TUCKER,M,2010,West High White Terrier,10023,2014-12-11T00:00:00.000,2019-12-19T00:00:00.000,2016
MARTHA,F,2001,Unknown,10009,2014-12-11T00:00:00.000,2019-12-11T00:00:00.000,2016
MOLLY,F,2010,Shih Tzu,10457,2014-12-12T00:00:00.000,2019-12-12T00:00:00.000,2016
TEDDY,M,2010,Cairn Terrier,11222,2014-12-12T00:00:00.000,2017-12-12T00:00:00.000,2016
LILLY,F,2012,Lhasa Apso,10065,2014-12-12T00:00:00.000,2017-01-14T00:00:00.000,2016
WOLFGANG,M,2011,Shih Tzu,10310,2014-12-12T00:00:00.000,2019-11-25T00:00:00.000,2016
REBEL,M,2000,Labrador Retriever,10024,2014-12-12T00:00:00.000,2016-01-08T00:00:00.000,2016
OMAR,M,2012,Cavalier King Charles Spaniel,11205,2014-12-12T00:00:00.000,2019-12-12T00:00:00.000,2016
HOLLY,F,2014,Golden Retriever,11229,2014-12-12T00:00:00.000,2019-12-12T00:00:00.000,2016
KATO,M,2014,Boxer,11378,2014-12-12T00:00:00.000,2019-12-12T00:00:00.000,2016
LOLA,F,2007,Golden Retriever,11222,2014-12-12T00:00:00.000,2019-12-12T00:00:00.000,2016
UNKNOWN,F,2014,Cardigan Welsh Corgi,11226,2014-12-12T00:00:00.000,2017-12-12T00:00:00.000,2016
SASSY,F,2008,Unknown,10029,2014-12-12T00:00:00.000,2017-12-17T00:00:00.000,2016
ELVIS,M,2009,Beagle,11209,2014-12-12T00:00:00.000,2020-01-07T00:00:00.000,2016
ROSCO,M,2005,Labrador Retriever,10314,2014-12-12T00:00:00.000,2016-01-30T00:00:00.000,2016
BACI,F,2003,Labrador Retriever,11694,2014-12-12T00:00:00.000,2016-01-30T00:00:00.000,2016
MAXINE,F,2012,Unknown,11221,2014-12-12T00:00:00.000,2019-12-19T00:00:00.000,2016
NAME NOT PROVIDED,F,2014,Labrador Retriever Crossbreed,11222,2014-12-12T00:00:00.000,2019-12-12T00:00:00.000,2016
LINDA,F,2012,American Pit Bull Terrier/Pit Bull,11249,2014-12-12T00:00:00.000,2017-12-12T00:00:00.000,2016
KELLY,F,2013,Maltese,10452,2014-12-12T00:00:00.000,2019-12-12T00:00:00.000,2016
AUDREY,F,2012,Unknown,10025,2014-12-12T00:00:00.000,2020-01-17T00:00:00.000,2016
THE,M,2013,Pekingese,10025,2014-12-12T00:00:00.000,2019-12-12T00:00:00.000,2016
STEWIE,M,2009,Russell Terrier,10021,2014-12-12T00:00:00.000,2016-12-12T00:00:00.000,2016
ACE,M,2011,Unknown,11228,2014-12-12T00:00:00.000,2018-01-26T00:00:00.000,2016
MOJA,F,2006,Shih Tzu,10019,2014-12-12T00:00:00.000,2016-01-05T00:00:00.000,2016
RAVEN,F,2007,Pug,10012,2014-12-12T00:00:00.000,2016-01-13T00:00:00.000,2016
BELA,F,2003,Labrador Retriever,10028,2014-12-12T00:00:00.000,2016-01-30T00:00:00.000,2016
TUCKER,M,2011,Maltese,10003,2014-12-12T00:00:00.000,2016-01-27T00:00:00.000,2016
JOHNNIE,M,2004,Labrador Retriever,10024,2014-12-12T00:00:00.000,2016-01-30T00:00:00.000,2016
JAX,M,2013,Yorkshire Terrier,11375,2014-12-12T00:00:00.000,2019-12-12T00:00:00.000,2016
ARYTON,M,2014,Labrador Retriever Crossbreed,11249,2014-12-12T00:00:00.000,2016-12-12T00:00:00.000,2016
BEN,M,2011,Chihuahua,11201,2014-12-12T00:00:00.000,2019-12-12T00:00:00.000,2016
SHELBY,F,2009,Cavalier King Charles Spaniel,10024,2014-12-12T00:00:00.000,2016-01-08T00:00:00.000,2016
MBILI,F,2006,Shih Tzu,10019,2014-12-12T00:00:00.000,2016-01-05T00:00:00.000,2016
GRIFFEN,M,2005,"Bull Dog, French",11103,2014-12-12T00:00:00.000,2016-01-11T00:00:00.000,2016
FOXY,F,2008,Pomeranian,11426,2014-12-12T00:00:00.000,2016-01-29T00:00:00.000,2016
MCDUFF,M,2014,West Highland White Terrier,11233,2014-12-12T00:00:00.000,2019-12-12T00:00:00.000,2016
RUMI,M,2014,Labrador Retriever Crossbreed,11222,2014-12-12T00:00:00.000,2019-12-12T00:00:00.000,2016
DOJO,M,2014,Chihuahua,11426,2014-12-12T00:00:00.000,2017-12-12T00:00:00.000,2016
ZOLA,F,2012,Unknown,10022,2014-12-12T00:00:00.000,2016-01-13T00:00:00.000,2016
ROXY,F,2007,Labradoodle,10010,2014-12-12T00:00:00.000,2020-01-07T00:00:00.000,2016
BELLA,F,2010,German Shepherd Dog,11375,2014-12-12T00:00:00.000,2016-01-12T00:00:00.000,2016
ZIMMY,M,2006,Havanese,10463,2014-12-12T00:00:00.000,2019-12-07T00:00:00.000,2016
SHANE,M,2003,Golden Retriever,10022,2014-12-12T00:00:00.000,2016-01-30T00:00:00.000,2016
BALDRICK,M,2002,Beagle,11238,2014-12-12T00:00:00.000,2016-01-30T00:00:00.000,2016
SAMMIE,M,2005,Cavalier King Charles Spaniel,10021,2014-12-12T00:00:00.000,2016-01-30T00:00:00.000,2016
BABETTE,F,2014,Labrador Retriever,11215,2014-12-12T00:00:00.000,2019-12-12T00:00:00.000,2016
LOVEY,F,2010,Beagle,11429,2014-12-12T00:00:00.000,2017-12-12T00:00:00.000,2016
MAX,M,2012,Norwich Terrier,10016,2014-12-12T00:00:00.000,2020-01-23T00:00:00.000,2016
LOLA,F,2013,American Pit Bull Terrier/Pit Bull,11223,2014-12-12T00:00:00.000,2017-12-15T00:00:00.000,2016
BODHI,M,2009,Shiba Inu,10065,2014-12-12T00:00:00.000,2020-01-21T00:00:00.000,2016
